name,pos_x,pos_y,pos_z,centroid_x,centroid_y,centroid_z
Airventilation_3x,6.5,3.5,25,6.5,3.5,25
Airventilation_3x,-13.76,4,38.43,-12.253,3.813,38.43
Airventilation_3x,-8.5,4,8.5,-6.993,3.813,8.5
Airventilation_3x,14.5,4,28,14.5,3.813,29.508
Airventilation_3x (1),11.5,4,26.5,9.992,3.813,26.5
Airventilation_3x (1),-5.5,4,8.5,-3.993,3.813,8.5
Airventilation_3x (1),-14,4,39,-14,3.813,37.493
Airventilation_3x (10),23,4,50.5,23,3.813,48.872
Airventilation_3x (11),23,4,53.5,23,3.813,51.993
Airventilation_3x (12),23,4,56.5,23,3.813,54.993
Airventilation_3x (2),-6.5,4,1,-4.993,3.813,1
Airventilation_3x (2),8.5,4,26.5,6.992,3.813,26.5
Airventilation_3x (2),-14,4,36,-14,3.813,34.493
Airventilation_3x (3),-14,4,33,-14,3.813,31.493
Airventilation_3x (3),0.5,4,10,0.5,3.813,11.508
Airventilation_3x (4),-14,4,30,-14,3.813,28.407
Airventilation_3x (4),0.5,4,13,0.5,3.813,14.508
Airventilation_3x (4),14.5,4,31,14.5,3.813,32.508
Airventilation_3x (5),0.5,4,16,0.5,3.813,17.508
Airventilation_3x (6),0.5,4,19,0.5,3.813,20.508
Airventilation_3x (7),-3.5,4,1,-1.993,3.813,1
Airventilation_3x (8),-0.5,4,1,1.008,3.813,1
Airventilation_3x (9),2.5,4,1,4.008,3.813,1
Airventilation_CrossSection,0.5,4,8.5,0.5,4,8.5
Airventilation_CrossSection,14.5,4,26.5,13.155,3.813,26.5
Airventilation_CrossSection,0.5,4,8.5,-0.845,3.813,8.5
AirventilationGrid_A,9,4,25,9,4,25
AirventilationGrid_A,16,4,25,16,3.947,25
AirventilationGrid_A,-10,4,31,-10,3.947,31
AirventilationGrid_A (1),20,4,25,20,3.947,25
AirventilationGrid_A (1),-10,4,35,-10,3.947,35
AirventilationGrid_A (10),-6.5,4,11,-6.5,3.947,11
AirventilationGrid_A (11),-0.5,4,24,-0.5,3.947,24
AirventilationGrid_A (12),-6.5,4,24,-6.5,3.947,24
AirventilationGrid_A (13),1.5,4,33,1.5,3.947,33
AirventilationGrid_A (14),20,4,43,20,3.947,43
AirventilationGrid_A (15),-12.485,4,25,-12.485,3.947,25
AirventilationGrid_A (16),-12.485,4,24,-12.485,3.947,24
AirventilationGrid_A (17),-18.497,4,25,-18.497,3.947,25
AirventilationGrid_A (18),-18.497,4,24,-18.497,3.947,24
AirventilationGrid_A (2),20,4,35,20,3.947,35
AirventilationGrid_A (3),17,4,35,17,3.947,35
AirventilationGrid_A (4),8,4,23,8,3.947,23
AirventilationGrid_A (5),-0.5,4,25,-0.5,3.947,25
AirventilationGrid_A (6),-6.5,4,25,-6.5,3.947,25
AirventilationGrid_A (7),-6.5,4,20,-6.5,3.947,20
AirventilationGrid_A (8),-13.5,4,20,-13.5,3.947,20
AirventilationGrid_A (9),-13.5,4,11,-13.5,3.947,11
AirventilationGrid_B,10,4,24,10,4,24
AirventilationGrid_B,-18.493,7.999,25.003,-18.493,7.985,25.003
AirventilationGrid_B,18,4,28,18,3.985,28
AirventilationGrid_B (1),-18.487,7.999,24.004,-18.487,7.985,24.004
AirventilationGrid_B (1),18,4,32,18,3.985,32
AirventilationGrid_B (10),6.5,4,31,6.5,3.985,31
AirventilationGrid_B (2),18,4,39,18,3.985,39
AirventilationGrid_B (2),-18.493,12.006,25.003,-18.493,11.991,25.003
AirventilationGrid_B (3),23,4,39,23,3.985,39
AirventilationGrid_B (3),-18.487,12.006,24.004,-18.487,11.991,24.004
AirventilationGrid_B (4),-18.493,16.005,25.003,-18.493,15.99,25.003
AirventilationGrid_B (4),23,4,43,23,3.985,43
AirventilationGrid_B (5),-18.487,16.005,24.004,-18.487,15.99,24.004
AirventilationGrid_B (5),16,4,43,16,3.985,43
AirventilationGrid_B (6),2,4,15,2,3.985,15
AirventilationGrid_B (6),-19.986,16.005,31.012,-19.986,15.99,31.012
AirventilationGrid_B (7),10,4,31,10,3.985,31
AirventilationGrid_B (7),-19.98,16.005,30.013,-19.98,15.99,30.013
AirventilationGrid_B (8),-17.021,16.005,31.012,-17.021,15.99,31.012
AirventilationGrid_B (8),-5.5,4,14,-5.5,3.985,14
AirventilationGrid_B (9),-9.5,4,14,-9.5,3.985,14
AirventilationGrid_B (9),-17.015,16.005,30.013,-17.015,15.99,30.013
Books,-4.832,1,16.957,-4.832,1,16.957
Books,25.321,1.535,28.631,25.321,1.65,28.631
Books,-7.651,1.861,38.636,-7.651,1.999,38.636
Books,-6.123,1.861,8.326,-6.123,1.999,8.326
Books,-1.988,1.535,20.639,-1.988,1.65,20.639
Books,-10.606,1.535,38.134,-10.606,1.65,38.134
Books,-12.29,1.535,38.134,-12.29,1.65,38.134
Books,27.014,1.535,28.631,27.014,1.65,28.631
Books,13.21,1.819,28.059,13.21,1.934,28.059
Books,-3.669,1.535,20.639,-3.669,1.65,20.639
Books,8.358,1.861,36.101,8.358,1.999,36.101
Books,6.242,1.861,36.101,6.242,1.999,36.101
Books (1),-9.627,1.535,38.134,-9.627,1.65,38.134
Books (1),27.993,1.535,28.631,27.993,1.65,28.631
Books (1),26.3,1.535,28.631,26.3,1.65,28.631
Books (1),-2.69,1.535,20.639,-2.69,1.65,20.639
Books (1),-1.009,1.535,20.639,-1.009,1.65,20.639
Books (1),-11.475,1.535,38.134,-11.475,1.65,38.134
Books (2),4.959,2.358,36.101,4.959,2.487,36.101
Books (2),7.075,2.358,36.101,7.075,2.487,36.101
Books (2),-6.123,2.358,7.043,-6.123,2.487,7.043
Books (2),-8.934,2.358,38.636,-8.934,2.487,38.636
Books (3),7.789,2.358,36.101,7.789,2.487,36.101
Books (3),-6.123,2.358,7.757,-6.123,2.487,7.757
Books (3),-8.22,2.358,38.636,-8.22,2.487,38.636
Books (3),6.164,2.358,36.101,6.164,2.487,36.101
Books (5),5.249,2.84,36.101,5.249,2.969,36.101
Books (5),8.24,2.84,36.101,8.24,2.969,36.101
Books (5),-7.769,2.84,38.636,-7.769,2.969,38.636
Books (5),-6.123,2.84,8.208,-6.123,2.969,8.208
Books (6),5.878,2.84,36.101,5.878,2.969,36.101
Books (6),-8.42,2.84,38.636,-8.42,2.969,38.636
Books (6),-6.123,2.84,7.557,-6.123,2.969,7.557
Books (6),7.589,2.84,36.101,7.589,2.969,36.101
Bookshelf,7.768,1,36.332,7.768,1,36.332
Bookshelf,7.768,1,36.332,7.768,2.178,36.112
Bookshelf,-6.354,1,7.736,-6.134,2.178,7.736
Bookshelf (1),5.652,1,36.332,5.652,2.178,36.112
Bookshelf (2),-8.241,1,38.867,-8.241,2.178,38.647
Bottle,-7.558,0.002,17.946,-7.558,0.002,17.946
Bottle,28.085,2.506,34.264,28.085,2.621,34.264
Bottle,11.346,1.78,29.99,11.346,1.895,29.99
Bottle (1),28.035,1.763,32.566,28.035,1.878,32.566
Box_Black,-7.542,0.008,19.778,-7.542,0.008,19.778
Box_Black,28.006,2.294,32.726,28.006,2.402,32.726
Box_Black,5.79,1,35.24,5.79,1.203,35.24
Box_Black,-4.561,1,20.96,-4.561,1.203,20.96
Box_Black (1),22.648,1,27.337,22.648,1.203,27.337
Box_Black (1),28.006,1.177,32.726,28.006,1.285,32.726
Box_Black (2),14.095,1.125,42.113,14.095,1.313,42.113
Box_Black (2),27.897,1.099,33.687,27.897,1.302,33.687
Box_Black (3),-12.244,1.86,38.49,-12.244,1.991,38.49
Box_Cardboard,-7.541,0.004,19.015,-7.541,0.004,19.015
Box_Cardboard,4.96,1,35.021,4.96,1.123,35.021
Box_Cardboard,28.073,1.806,33.914,28.073,1.929,33.914
Box_Cardboard (1),28.008,1.86,28.979,28.008,1.983,28.979
Box_Cardboard (2),14.011,1.157,32.517,14.011,1.28,32.517
Box_Cardboard (3),-2.886,1.77,31.334,-2.886,1.867,31.334
Box_Gray,-7.541,0.005,18.414,-7.541,0.005,18.414
Box_Gray,5,1,35.5,5,1.122,35.5
Box_Gray,-12.032,1,10.033,-12.032,1.122,10.033
Box_Gray (1),25.28,1.86,29.029,25.28,1.982,29.029
Box_Gray (2),19.86,1,29.661,19.86,1.16,29.661
Box_Gray (4),14.001,1.728,32.241,14.001,1.85,32.241
Box_Gray (5),-12.319,2.127,38.578,-12.319,2.227,38.578
CardboardBox01,-6.5,0,8,-6.5,0,8
CardboardBox01,-3.278,1.86,20.901,-3.278,1.983,20.901
CardboardBox01,-13.771,2.087,9.899,-13.771,2.21,9.899
CardboardBox01,14.094,2.087,42.873,14.094,2.21,42.873
CardboardBox01,13.952,2.253,32.535,13.952,2.376,32.535
CardboardBox01,13.887,2.087,30.324,13.887,2.21,30.324
CardboardBox01,28.114,1.15,32.324,28.114,1.273,32.324
CardboardBox01,22.2,2.087,33.394,22.2,2.21,33.394
CardboardBox01,22.742,2.087,33.997,22.742,2.21,33.997
CardboardBox01 (1),-13.533,1.604,9.899,-13.533,1.727,9.899
CardboardBox01 (1),28.114,2.804,32.517,28.114,2.927,32.517
CardboardBox01 (1),13.887,1.604,30.562,13.887,1.727,30.562
CardboardBox01 (1),14.332,1.604,42.873,14.332,1.727,42.873
CardboardBox01 (1),-4.85,1.771,38.458,-4.85,1.894,38.458
CardboardBox01 (1),22.2,1.604,33.632,22.2,1.727,33.632
CardboardBox01 (1),22.742,1.604,33.759,22.742,1.727,33.759
CardboardBox01 (2),13.992,2.566,42.873,13.992,2.689,42.873
CardboardBox01 (2),-13.873,2.566,9.899,-13.873,2.689,9.899
CardboardBox01 (2),22.2,2.566,33.292,22.2,2.689,33.292
CardboardBox01 (2),13.887,2.566,30.222,13.887,2.689,30.222
CardboardBox01 (2),22.742,2.566,34.099,22.742,2.689,34.099
CardboardBox01 (2),19.835,1.328,29.642,19.835,1.451,29.642
CardboardBox01 (3),13.887,2.566,30.698,13.887,2.689,30.698
CardboardBox01 (3),-13.397,2.566,9.899,-13.397,2.689,9.899
CardboardBox01 (3),22.2,2.566,33.768,22.2,2.689,33.768
CardboardBox01 (3),14.468,2.566,42.873,14.468,2.689,42.873
CardboardBox01 (3),28.114,3.203,34.155,28.114,3.326,34.155
CardboardBox01 (3),22.742,2.566,33.623,22.742,2.689,33.623
CardboardBox01 (4),-13.771,3.052,9.899,-13.771,3.175,9.899
CardboardBox01 (4),28.05,1.805,33.479,28.05,1.928,33.479
CardboardBox01 (4),14.094,3.052,42.873,14.094,3.175,42.873
CardboardBox01 (4),22.742,3.052,33.997,22.742,3.175,33.997
CardboardBox01 (4),13.887,3.052,30.324,13.887,3.175,30.324
CardboardBox01 (4),22.2,3.052,33.394,22.2,3.175,33.394
Carpet_End,-17.5,1,24.5,-17.5,1,24.5
Carpet_End,-18,1,24.5,-19,1.007,24.5
Carpet_End (1),2,1,24.5,3,1.007,24.5
Carpet_Full_Short,1,1,20,1,1,20
Carpet_Full_Short,1,1,22,1,1.007,18
Carpet_Full_Short (1),1,1,13,1,1.007,9
Carpet_Full_Short (2),29.5,1,44,25.5,1.007,44
Carpet_Full_Short (3),-19.5,9,27.959,-19.5,9.005,24.936
Carpet_Full_Short (4),-17.481,9,27.959,-17.481,9.005,24.936
Carpet_SingleSmallRound,-17.572,1,26.789,-17.572,1,26.789
Carpet_SingleSmallRound,-17.494,1,27.268,-17.494,1.005,27.268
Carpet_SingleSmallRound (1),-20,5,26.033,-20,5.005,26.033
Carpet_SingleSmallRound (2),-20,5,23.049,-20,5.005,23.049
Carpet_Tile,-17.5,1,24.5,-17.5,1,24.5
Carpet_Tile,-18,1,24.5,-16,1.007,24.5
Carpet_Tile (1),-14,1,24.5,-12,1.007,24.5
Carpet_Tile (2),-10,1,24.5,-8,1.007,24.5
Carpet_Tile (3),-6,1,24.5,-4,1.007,24.5
Carpet_Tile (4),-2,1,24.5,0,1.007,24.5
Cart,-7.539,0.003,20.569,-7.539,0.003,20.569
Cart,5.127,1,33.951,5.452,1.266,33.951
Cart,27.907,1,33.673,28.232,1.266,33.673
Cart (1),14.068,1,42.123,14.068,1.266,41.798
CeilingLamp,1.498,3.5,30.533,1.498,3.562,30.533
CeilingLamp,-8.009,3.917,30.041,-8.009,3.965,30.041
CeilingLamp (1),-8.009,3.917,31.989,-8.009,3.965,31.989
CeilingLamp (10),-11.548,3.917,34.007,-11.548,3.965,34.007
CeilingLamp (11),-11.548,3.917,36.057,-11.548,3.965,36.057
CeilingLamp (2),-8.009,3.917,34.01,-8.009,3.965,34.01
CeilingLamp (3),-8.009,3.917,36.056,-8.009,3.965,36.056
CeilingLamp (4),-5.028,3.917,36.056,-5.028,3.965,36.056
CeilingLamp (5),-5.028,3.917,34.01,-5.028,3.965,34.01
CeilingLamp (6),-5.028,3.917,31.989,-5.028,3.965,31.989
CeilingLamp (7),-5.028,3.917,30.041,-5.028,3.965,30.041
CeilingLamp (8),-11.548,3.917,30.037,-11.548,3.965,30.037
CeilingLamp (9),-11.548,3.917,31.987,-11.548,3.965,31.987
CeilingLamp_Roofpart,1.498,3.618,30.533,1.506,3.81,30.083
Cell_Bars_Large,20.68,1,46.734,20.68,1,46.734
Cell_Bars_Large,20.5,1,50.5,21.996,3.35,50.484
Cell_Bars_Large (1),20.673,1,47.5,21.999,3.35,47.484
Cell_Bed,18.907,1,53.5,18.907,1.165,53.069
Cell_Bed,18.907,1,56.5,18.907,1.165,56.069
Cell_Bed,23.5,1,58.093,23.069,1.165,58.093
Cell_Bed,25.093,1,50.5,25.093,1.165,50.931
Cell_Bed,25.093,1,53.5,25.093,1.165,53.931
Cell_Complete,25,1,52,25,1,52
Cell_Complete (4),25,1,52,24.9,2.403,52
Cell_Complete (5),25,1,55,24.9,2.403,55
Cell_Complete (6),22,1,58,22,2.403,57.9
Cell_Complete (7),19,1,55,19.1,2.403,55
Cell_Complete (8),19,1,52,19.1,2.403,52
Cell_Shelf,17.801,2.385,55.57,17.928,2.445,55.57
Cell_Shelf,26.199,2.385,54.43,26.072,2.445,54.43
Cell_Shelf,22.57,2.385,59.199,22.57,2.445,59.072
Cell_Shelf,17.801,2.385,52.57,17.928,2.445,52.57
Cell_Shelf,26.199,2.385,51.43,26.072,2.445,51.43
Cell_Sink,26.198,1.125,52.252,25.998,1.755,52.252
Cell_Sink,17.802,1.125,51.748,18.003,1.755,51.748
Cell_Sink,26.198,1.125,55.252,25.998,1.755,55.252
Cell_Sink,21.748,1.125,59.198,21.748,1.755,58.998
Cell_Sink,17.802,1.125,54.748,18.003,1.755,54.748
Cell_Toilet,20.611,1,58.5,20.901,1.235,58.5
Cell_Toilet,18.5,1,50.611,18.5,1.235,50.901
Cell_Toilet,25.5,1,53.389,25.5,1.235,53.099
Cell_Toilet,18.5,1,53.611,18.5,1.235,53.901
Cell_Toilet,25.5,1,56.389,25.5,1.235,56.099
Chair_LeatherOffice,1.224,1,15.537,1.224,1,15.537
Chair_LeatherOffice,27.025,1,26.238,27.295,1.92,26.238
Chair_LeatherOffice,10.328,1,30.226,10.058,1.92,30.226
Chair_LeatherOffice,-4.547,1.006,16.927,-4.546,1.926,16.657
Chair_LeatherOffice,-12.765,1,16.525,-12.975,1.92,16.355
Chair_LeatherOffice,-8.5,1,13.5,-8.5,1.92,13.77
Chair_LeatherOffice (1),-7.714,1,32.57,-7.473,1.92,32.448
Chair_LeatherOffice (1),-4.416,1.006,13.787,-4.376,1.926,14.054
Chair_LeatherOffice (1),10.328,1,31.421,10.058,1.92,31.421
Chair_LeatherOffice (2),10.328,1,32.493,10.058,1.92,32.493
Chair_LeatherOffice (2),-10.154,1,32.626,-10.341,1.92,32.432
Chair_LeatherOffice (3),-10.333,1,35.103,-10.548,1.92,35.266
Chair_LeatherOffice (3),12.252,1,32.493,12.522,1.92,32.493
Chair_LeatherOffice (4),12.252,1,31.421,12.521,1.92,31.448
Chair_LeatherOffice (4),-7.799,1,35.007,-7.677,1.92,35.248
Chair_LeatherOffice (5),12.252,1,30.226,12.522,1.92,30.221
Chair_LeatherOffice (5),-7.327,1,28.54,-7.059,1.92,28.57
Chair_LeatherOffice (6),-4.079,1,34.592,-4.27,1.92,34.783
Chair_Spinning,1.5,0,28.5,1.5,0,28.5
Chair_Spinning,-8.505,1,17.135,-8.521,1.3,17.1
Chair_Spinning,21.006,0.998,28.989,20.992,1.498,28.689
Chair_Spinning,17.083,0.998,34.434,16.783,1.498,34.448
Chair_Spinning,-3.69,1,32.157,-3.722,1.3,32.135
Chair_Spinning,-12.488,1,13.632,-12.479,1.3,13.67
Chair_Spinning,16.692,0.998,29.427,16.392,1.498,29.441
Chair_Spinning (1),-4.024,1,37.661,-4.048,1.3,37.631
Chair_Wood,2.5,0,28.5,2.5,0,28.5
Chair_Wood,17.776,0.995,33.046,17.776,1.495,33.046
Chair_Wood,17.535,0.995,28.198,17.535,1.495,28.198
Chair_Wood,5.02,1,32.513,5.02,1.26,32.513
Chair_Wood (1),5.02,1,31.557,5.02,1.26,31.557
Chair_Wood (2),5.02,1,30.863,5.02,1.26,30.863
Chair_Wood (3),5.02,1,29.19,5.02,1.26,29.19
Chair_Wood (4),5.02,1,29.985,5.02,1.26,29.985
Chair_Wood (5),25.363,1,26.514,25.363,1.26,26.514
Chair_Wood (6),25.388,1,25.653,25.388,1.26,25.653
Chair_Wood (7),-5.77,1,38.41,-5.77,1.26,38.41
Closet_Door_L,17.757,2.016,46.299,17.513,2.016,46.005
Closet_Door_L,-5.716,2.016,6.628,-5.702,2.016,6.247
Closet_Door_L,-12.713,2.016,38.266,-13.094,2.016,38.252
Closet_Door_L,16.056,2.016,46.299,15.675,2.016,46.285
Closet_Door_L,-6.566,2.016,20.798,-6.947,2.016,20.784
Closet_Door_L,-3.201,2.016,27.617,-3.215,2.016,27.998
Closet_Door_R,-14.221,2.016,38.267,-13.849,2.016,38.252
Closet_Door_R,-8.074,2.016,20.799,-7.702,2.016,20.784
Closet_Door_R,14.548,2.016,46.3,14.92,2.016,46.285
Closet_Door_R,16.249,2.016,46.3,16.615,2.016,46.229
Closet_Door_R,-5.717,2.016,5.12,-5.702,2.016,5.492
Closet_Door_R,-3.2,2.016,29.125,-3.215,2.016,28.753
Closet_Metal,-7.323,1,21.082,-7.323,1,21.082
Closet_Metal,-7.323,1,21.082,-7.323,2.006,21.082
Closet_Metal,-6,1,5.871,-6,2.006,5.871
Closet_Metal (1),17,1,46.583,17,2.006,46.583
Closet_Metal (2),15.299,1,46.583,15.299,2.006,46.583
Closet_Metal (3),-13.47,1,38.55,-13.47,2.006,38.55
Closet_Metal (4),-2.917,1,28.374,-2.917,2.006,28.374
Collider_Backup,-14,0.5,18.5,-14,0.5,18.5
CorkBoard,-7.5,0.5,8,-7.5,0.5,8
CorkBoard,13.626,2.435,35.207,13.626,2.435,35.207
CorkBoard (1),28.374,2.633,26.04,28.374,2.633,26.04
CorkBoard (2),-2.626,2.673,31.663,-2.626,2.673,31.663
Couch_1seat,1.937,0,3.686,1.937,0,3.686
Couch_1seat,-17.375,13,21.207,-17.394,13.466,21.285
Couch_1seat,18.6,1,46.07,18.678,1.466,46.052
Couch_1seat,3.007,1,17.309,2.927,1.466,17.313
Couch_1seat,18.57,0.995,42.42,18.647,1.461,42.44
Couch_1seat (1),18.56,1,44.24,18.64,1.466,44.235
Couch_1seat (1),-17.45,8.995,21.16,-17.465,9.461,21.238
Couch_1seat (1),-20.106,13,21.421,-20.06,13.466,21.486
Couch_1seat (2),-17.277,5,21.234,-17.291,5.466,21.313
Couch_1seat (2),-19.801,8.995,21.187,-19.783,9.461,21.265
Couch_1seat (3),3.058,0.887,14.571,2.979,1.353,14.584
Couch_1seat (4),-12.539,0.995,22.209,-12.535,1.461,22.289
Couch_1seat (5),-15.104,0.995,22.231,-15.1,1.461,22.311
Couch_1seat (6),3.53,1,6.795,3.45,1.466,6.796
Couch_1seat (7),6.483,0.995,22.18,6.487,1.461,22.26
Couch_1seat (8),18.356,0.995,23.148,18.36,1.461,23.228
Couch_1seat (9),-20.221,4.995,21.379,-20.205,5.461,21.457
Desk,21.04,1,29.603,21.04,1.45,29.603
Desk,17.306,1,29.393,17.306,1.45,29.393
Desk,17.697,1,34.4,17.697,1.45,34.4
Door_Bronze_Metal_Window_Parent,22.5,1,41,22.5,2.15,40.5
Door_Bronze_Metal_Window_Parent,20.5,1,41,20.5,2.15,40.5
Door_Cell,23.5,1,54.403,23.505,2.141,54.893
Door_Cell,23.5,1,51.403,23.505,2.141,51.893
Door_Cell,20.5,1,52.597,20.495,2.141,52.107
Door_Cell,22.597,1,56.5,22.107,2.141,56.505
Door_Cell,20.5,1,55.597,20.495,2.141,55.107
Door_L,17.394,2.256,43.511,17.394,2.256,43.785
Door_L,-14.571,2.25,20.929,-14.883,2.25,20.929
Door_L,14.121,2.256,29.1,14.121,2.256,28.826
Door_L,26.588,2.25,23.007,26.9,2.25,23.007
Door_L,27.888,2.256,32.074,27.695,2.256,31.881
Door_L,-13.066,2.25,20.913,-13.378,2.25,20.913
Door_L,14.108,2.243,32.976,14.402,2.243,33.079
Door_L,24.143,2.25,23.007,24.455,2.25,23.007
Door_L,-15.393,2.256,10.118,-15.119,2.256,10.118
Door_Metal_Gray_Parent,31.5,1,45,31.5,2.15,44.5
Door_Metal_Gray_Parent,-15.5,9,25.5,-15.5,10.15,25
Door_Metal_Gray_Parent,31.554,1,43,31.554,2.15,43.5
Door_Metal_Gray_Parent,1,1,-0.5,1.5,2.15,-0.5
Door_Metal_Gray_Parent,-3,1,-0.446,-3.5,2.15,-0.446
Door_Metal_Gray_Parent,-15.446,9,23.5,-15.446,10.15,24
Door_Metal_Gray_Parent,3,1,-0.446,2.5,2.15,-0.446
Door_Metal_Gray_Parent,-5,1,-0.5,-4.5,2.15,-0.5
Door_MetalDark_Parent,-2,1,4.5,-2.5,2.15,4.5
Door_MetalDark_Parent,2,1,4.5,1.5,2.15,4.5
Door_MetalDark_Parent,0,1,4.5,0.5,2.15,4.5
Door_MetalDark_Parent,-3.979,1,9.571,-3.979,2.15,10.071
Door_MetalDark_Parent,23,1,26.5,22.5,2.15,26.5
Door_MetalDark_Parent,-4,1,4.5,-3.5,2.15,4.5
Door_R,-14.295,2.256,10.118,-14.57,2.256,10.118
Door_R,27.888,2.256,33.172,27.888,2.256,32.897
Door_R,14.108,2.243,31.727,14.24,2.243,32.01
Door_R,-15.82,2.25,20.929,-15.507,2.25,20.929
Door_R,27.837,2.25,23.007,27.524,2.25,23.007
Door_R,-14.315,2.25,20.913,-14.002,2.25,20.913
Door_R,25.392,2.25,23.007,25.079,2.25,23.007
Door_R,14.121,2.256,28.002,14.121,2.256,28.277
Door_R,17.394,2.256,44.609,17.394,2.256,44.334
Door_Toilet_Parent,0,1,31,0,2.3,30.4
Door_Toilet_Parent,35,1,35.5,35.6,2.3,35.5
Door_Toilet_Parent,36.5,1,35.5,37.1,2.3,35.5
Door_Toilet_Parent,0,1,32.5,0.569,2.3,32.311
Door_Toilet_Parent,32,1,35.5,32.6,2.3,35.5
Door_Toilet_Parent,3.5,1,34,3.5,2.3,33.4
Door_Toilet_Parent,33.5,1,35.5,34.1,2.3,35.5
Door_Toilet_Parent,0,1,29.5,0,2.3,28.9
Door_Wooden_Black_Parent,-15.5,13,25.5,-15.5,14.15,25
Door_Wooden_Black_Parent,-15.453,5,23.5,-15.453,6.15,24
Door_Wooden_Black_Parent,-10,1,21.5,-10,2.15,21
Door_Wooden_Black_Parent,-15.452,13,23.5,-15.452,14.15,24
Door_Wooden_Black_Parent,7,1,27.5,7,2.15,27
Door_Wooden_Black_Parent,-15.5,5,25.5,-15.5,6.15,25
Drawer_A,-14.054,1,29.56,-14.045,1.659,29.56
Drawer_A,24.43,1,29.187,24.43,1.659,29.178
Drawer_A,-14.172,1,28.544,-14.163,1.659,28.544
Drawer_A,21.667,1,35.001,21.658,1.659,35.001
Drawer_B,24.43,1,29.01,24.43,1.405,29.001
Drawer_B,-14.037,1,28.544,-14.028,1.405,28.544
Drawer_B,21.803,1,35.001,21.794,1.405,35.001
Drawer_B,-14.147,1,29.56,-14.138,1.405,29.56
Drawer_C,24.43,1,29.187,24.43,1.16,29.178
Drawer_C,-14.195,1,28.544,-14.186,1.16,28.544
Drawer_C,-14.195,1,29.56,-14.186,1.16,29.56
Drawer_C,21.803,1,35.001,21.794,1.16,35.001
Dresser_A_WithBooks,-5.239,1,14.565,-5.239,1,14.565
Dresser_A_WithBooks,-1.499,1,20.923,-1.499,1.43,20.923
Dresser_A_WithBooks,27.503,1,28.915,27.503,1.43,28.915
Dresser_A_WithBooks (1),-3.18,1,20.923,-3.18,1.43,20.923
Dresser_A_WithBooks (1),25.81,1,28.915,25.81,1.43,28.915
Dresser_A_WithBooks (2),-10.117,1,38.418,-10.117,1.43,38.418
Dresser_A_WithBooks (3),-11.801,1,38.418,-11.801,1.43,38.418
Elevator,-22.5,1,23,-22.419,2.285,22.995
Elevator,-22.5,1,26,-22.419,2.285,25.995
Elevator_Panel_Inside,-21.235,2.321,25.027,-21.235,2.321,25.027
Elevator_Panel_Inside,-21.235,2.321,22.027,-21.235,2.321,22.027
Elevator_Panel_Outside,-20.89,2.094,23.928,-20.89,2.094,23.928
Elevator_Panel_Outside,-20.89,6.094,23.928,-20.89,6.094,23.928
Elevator_Panel_Outside,-20.89,2.094,25.047,-20.89,2.094,25.047
Elevator_Panel_Outside,-20.89,10.094,23.928,-20.89,10.094,23.928
Elevator_Panel_Outside,-20.89,10.094,25.047,-20.89,10.094,25.047
Elevator_Panel_Outside,-20.89,6.094,25.047,-20.89,6.094,25.047
Elevator_Panel_Outside,-20.89,14.094,25.047,-20.89,14.094,25.047
Elevator_Panel_Outside,-20.89,14.094,23.928,-20.89,14.094,23.928
ElevatorDoor_L,-21.074,9.018,22.271,-21.075,10.168,22.635
ElevatorDoor_L,-21.127,1.018,22.271,-21.128,2.168,22.635
ElevatorDoor_L,-21.074,1.018,22.271,-21.075,2.168,22.635
ElevatorDoor_L,-21.074,5.018,22.271,-21.075,6.168,22.635
ElevatorDoor_L,-21.074,1.018,24.564,-21.075,2.168,24.928
ElevatorDoor_L,-21.074,13.018,25.271,-21.075,14.168,25.635
ElevatorDoor_L,-21.074,5.018,25.271,-21.075,6.168,25.635
ElevatorDoor_L,-21.074,13.018,22.271,-21.075,14.168,22.635
ElevatorDoor_L,-21.127,1.018,24.563,-21.128,2.168,24.927
ElevatorDoor_L,-21.074,9.018,25.271,-21.075,10.168,25.635
ElevatorDoor_R,-21.127,1.018,23.729,-21.128,2.168,23.364
ElevatorDoor_R,-21.127,1.018,27.434,-21.128,2.168,27.069
ElevatorDoor_R,-21.074,5.018,23.729,-21.075,6.168,23.364
ElevatorDoor_R,-21.074,9.018,23.729,-21.075,10.168,23.364
ElevatorDoor_R,-21.074,13.018,23.729,-21.075,14.168,23.364
ElevatorDoor_R,-21.074,13.018,26.729,-21.075,14.168,26.364
ElevatorDoor_R,-21.074,5.018,26.729,-21.075,6.168,26.364
ElevatorDoor_R,-21.074,1.018,23.729,-21.075,2.168,23.364
ElevatorDoor_R,-21.074,1.018,27.434,-21.075,2.168,27.069
ElevatorDoor_R,-21.074,9.018,26.729,-21.075,10.168,26.364
ExitSign_A,0.5,3,22.5,0.5,3,22.5
ExitSign_A,2,3.681,-0.407,2,3.554,-0.393
ExitSign_A,21.5,4,40.5,21.499,3.873,40.485
ExitSign_A (1),-3.49,3.999,9.72,-3.49,3.872,9.735
ExitSign_A (1),-3.981,3.681,-0.407,-3.981,3.554,-0.393
ExitSign_B,0.5,3,23.5,0.5,3,23.5
ExitSign_B,-9.5,3.728,21.406,-9.5,3.6,21.394
ExitSign_B (1),31.4,3.67,44.017,31.388,3.542,44.017
ExitWay_Lamp,1.5,3,24,1.5,3,24
ExitWay_Lamp,1.5,3.847,27.5,1.5,3.708,27.367
ExitWay_Lamp,18,3.809,40.576,18,3.697,40.469
FanTable,17.969,1.901,35.046,17.969,1.901,35.046
FanTable,25.774,1.86,28.923,25.772,2.084,28.924
FanTable,20.266,1.901,29.835,20.265,2.124,29.837
FanTable,-3.788,1.82,12.994,-3.786,2.043,12.992
FanTable (1),17.969,1.901,35.046,17.971,2.124,35.048
FanTable (1),-5.193,1.82,17.58,-5.194,2.043,17.582
FanTable (2),-8.752,1.767,32.116,-8.754,1.99,32.114
FanTable (3),-7.279,1.767,34.307,-7.279,1.99,34.304
File_Papers,7,1,25,7,1,25
File_Papers,7.599,1.864,35.978,7.623,2.02,36.094
File_Papers,-8.41,1.864,38.513,-8.386,2.02,38.629
File_Papers,-5.246,1.859,17.369,-5.076,1.859,17.271
File_Papers,-8.525,1.862,12.896,-8.671,1.862,12.764
File_Papers,-13.115,1.82,17.662,-13.121,1.977,17.781
File_Papers,13.172,1.82,28.653,13.172,1.977,28.535
File_Papers,4.796,1.864,35.905,4.82,2.021,36.021
File_Papers,-6,1.864,7.567,-6.116,2.02,7.591
File_Papers (1),6.342,2.849,36.081,6.46,3.006,36.091
File_Papers (1),7.134,2.849,35.978,7.17,3.006,36.091
File_Papers (1),-8.875,2.849,38.513,-8.839,3.006,38.626
File_Papers (1),-6,2.849,7.102,-6.113,3.006,7.138
File_Papers (1),-9.37,1.772,35.526,-9.256,1.928,35.561
File_Papers (2),-6,2.345,7.39,-6.116,2.502,7.414
File_Papers (2),-8.587,2.345,38.513,-8.563,2.502,38.629
File_Papers (2),5.306,2.345,35.978,5.33,2.502,36.094
File_Papers (2),-9.369,1.772,35.735,-9.251,1.928,35.721
File_Papers (2),7.422,2.345,35.978,7.446,2.502,36.094
File_Papers (3),5.781,2.342,36.196,5.784,2.499,36.077
File_Papers (3),-6.218,2.342,8.431,-6.1,2.499,8.434
File_Papers (3),-7.546,2.342,38.731,-7.543,2.499,38.613
File_Papers (3),-9.367,1.813,36.107,-9.248,1.813,35.95
File_Papers (3),8.463,2.342,36.196,8.466,2.499,36.078
File_Papers (4),-7.391,2.342,38.731,-7.404,2.499,38.613
File_Papers (4),8.618,2.342,36.196,8.605,2.499,36.078
File_Papers (4),-6.218,2.342,8.586,-6.1,2.499,8.573
File_Papers (4),6.575,2.342,36.196,6.562,2.499,36.078
File_Papers (5),-6.211,2.849,6.939,-6.093,3.006,6.925
File_Papers (5),4.855,2.849,36.189,4.841,3.006,36.071
File_Papers (5),6.971,2.849,36.189,6.957,3.006,36.071
File_Papers (5),-9.038,2.849,38.724,-9.052,3.006,38.606
FileFolder,-5.244,1,16.99,-5.244,1,16.99
FileFolder,13.095,1.861,28.768,13.187,1.861,28.84
FileFolder,27.401,1.533,28.664,27.401,1.65,28.664
FileFolder,-10.219,1.533,38.167,-10.219,1.65,38.167
FileFolder,-11.903,1.533,38.167,-11.903,1.65,38.167
FileFolder,-12.902,1.855,17.677,-12.941,1.855,17.787
FileFolder,25.708,1.533,28.664,25.708,1.65,28.664
FileFolder,-1.601,1.533,20.672,-1.601,1.65,20.672
FileFolder,-3.282,1.533,20.672,-3.282,1.65,20.672
FileFolder (1),-9.502,1.808,35.293,-9.39,1.808,35.324
FileFolder (1),-3.1,1.533,20.652,-3.1,1.65,20.652
FileFolder (1),-11.113,1.533,38.147,-11.113,1.65,38.147
FileFolder (1),27.583,1.533,28.644,27.583,1.65,28.644
FileFolder (1),25.89,1.533,28.644,25.89,1.65,28.644
FileFolder (1),-1.419,1.533,20.652,-1.419,1.65,20.652
FileFolder (1),-10.037,1.533,38.147,-10.037,1.65,38.147
Files_Drawer,7,0,25,7,0,25
Files_Drawer,9.018,1,36.045,9.018,1.396,36.045
Files_Drawer (1),9.427,1,36.045,9.427,1.396,36.045
Files_Drawer (10),-14.145,1,30.276,-14.145,1.396,30.276
Files_Drawer (11),-3.017,1.771,37.014,-3.017,2.068,37.014
Files_Drawer (12),28.035,1,29.936,28.035,1.396,29.936
Files_Drawer (13),28.035,1.789,29.936,28.035,2.185,29.936
Files_Drawer (14),28.035,1.789,30.368,28.035,2.185,30.368
Files_Drawer (15),28.035,1,30.368,28.035,1.396,30.368
Files_Drawer (2),23.797,1,22.979,23.797,1.396,22.979
Files_Drawer (3),13.957,1,29.349,13.957,1.396,29.349
Files_Drawer (4),13.957,1.789,29.349,13.957,2.185,29.349
Files_Drawer (5),14.287,1,46.437,14.287,1.396,46.437
Files_Drawer (6),14.287,1.78,46.437,14.287,2.176,46.437
Files_Drawer (7),13.875,1.78,46.437,13.875,2.176,46.437
Files_Drawer (8),13.875,1,46.437,13.875,1.396,46.437
Files_Drawer (9),-9.495,1.86,38.512,-9.495,2.256,38.512
Flagpole_Wall,7.5,0.5,23.5,7.5,0.5,23.5
Flagpole_Wall,3.25,1.541,19.959,3.008,2.468,19.949
Flagpole_Wall,-15.6,5.703,22.737,-15.842,6.63,22.726
Flagpole_Wall,3.353,1.34,9.081,3.149,2.122,9.072
Flagpole_Wall,-5.468,1.329,22.075,-5.478,2.256,22.317
Flagpole_Wall (1),-9.018,1.33,27.011,-9.007,2.257,26.769
Flagpole_Wall (1),-15.6,5.703,26.32,-15.842,6.63,26.309
Floor_10x10,-10.5,4,14,-10.5,4,14
Floor_10x10 (1),-6.5,4,-0.5,-1.5,4,4.5
Floor_12x1,-7.5,1,29.5,-7.5,1,29.5
Floor_12x1,-6.5,1,4.5,-0.5,1,5
Floor_12x1 (2),14.5,1,27.5,14,1,33.5
Floor_12x1 (3),14.5,4,27.5,14,4,33.5
Floor_12x1 (3),3.5,4,9,4,4,3
Floor_12x1 (4),14.5,4,39.5,14,4,45.5
Floor_12x1 (4),14.5,1,39.5,14,1,45.5
Floor_12x1 (5),3.5,4,-0.5,-1.505,4,-1
Floor_12x1 (6),3.5,4,-1.5,-1.505,4,-2
Floor_12x2,-12,4,24.5,-12,4,24.5
Floor_12x2,28.5,1,47.5,22.5,1,46.5
Floor_12x2,-12,1,25.5,-6,1,26.5
Floor_12x2 (1),28.5,4,47.5,22.5,4,46.5
Floor_12x2 (2),4.5,1,25.5,10.5,1,26.5
Floor_12x2 (3),4.5,4,25.5,10.5,4,26.5
Floor_12x2 (4),16.5,1,27.5,15.5,1,33.5
Floor_12x2 (5),-12,4,25.5,-6,4,26.5
Floor_12x2 (5),16.5,4,39.5,15.5,4,45.5
Floor_12x2 (5),16.5,1,39.5,15.5,1,45.5
Floor_12x2 (6),16.5,4,27.5,15.5,4,33.5
Floor_12x4,-10.5,4,9.5,-10.5,4,9.5
Floor_12x4,-16,1,9.5,-10,1,11.5
Floor_12x4,-6.5,1,5.5,-0.5,1,7.5
Floor_12x4 (1),-16,1,13.5,-10,1,15.5
Floor_12x4 (1),-6.5,1,0.5,-0.5,1,2.5
Floor_12x4 (10),28.5,1,37.5,22.5,1,35.5
Floor_12x4 (11),28.5,1,33.5,22.5,1,31.5
Floor_12x4 (12),28.5,4,41.5,22.5,4,39.5
Floor_12x4 (12),28.5,1,41.5,22.5,1,39.5
Floor_12x4 (12),0,4,25.5,-6,4,23.5
Floor_12x4 (13),3.5,4,9.5,1.5,4,15.5
Floor_12x4 (14),-4,4,21.5,-2.222,4,15.5
Floor_12x4 (14),28.5,4,45.5,22.5,4,43.5
Floor_12x4 (14),28.5,1,45.5,22.5,1,43.5
Floor_12x4 (15),40.5,1,37,34.5,1,35
Floor_12x4 (15),-16,4,17.5,-10,4,19.5
Floor_12x4 (16),40.5,1,41,34.5,1,39
Floor_12x4 (16),-16,4,13.5,-10,4,15.5
Floor_12x4 (17),-2.5,1,35.5,-8.5,1,33.5
Floor_12x4 (17),-16,4,9.5,-10,4,11.5
Floor_12x4 (18),-2.5,1,39.5,-8.5,1,37.5
Floor_12x4 (18),28.5,4,33.5,22.5,4,31.5
Floor_12x4 (19),28.5,4,37.5,22.5,4,35.5
Floor_12x4 (19),-2.5,4,39.5,-8.5,4,37.5
Floor_12x4 (19),40.5,4,41,34.5,4,39
Floor_12x4 (2),-6.5,1,-3.5,-0.5,1,-1.5
Floor_12x4 (2),-16,1,17.5,-10,1,19.5
Floor_12x4 (20),28.5,4,29.5,22.5,4,27.5
Floor_12x4 (20),-2.5,4,35.5,-8.5,4,33.5
Floor_12x4 (20),40.5,4,37,34.5,4,35
Floor_12x4 (21),28.5,4,25.5,22.5,4,23.5
Floor_12x4 (21),-2.5,4,31.5,-8.5,4,29.5
Floor_12x4 (3),-4,1,21.5,-2.222,1,15.5
Floor_12x4 (4),3.5,1,9.5,1.5,1,15.5
Floor_12x4 (5),0,1,25.5,-6,1,23.5
Floor_12x4 (6),16.5,1,25.5,10.5,1,23.5
Floor_12x4 (7),28.5,1,25.5,22.5,1,23.5
Floor_12x4 (8),16.5,4,25.5,10.5,4,23.5
Floor_12x4 (8),-2.5,1,31.5,-8.5,1,29.5
Floor_12x4 (9),28.5,1,29.5,22.5,1,27.5
Floor_3x3,4.5,1,33.5,4.5,1,33.5
Floor_3x3,4.5,1,33.5,6,1,35
Floor_3x3,20.5,1,47.5,22,1,49
Floor_3x3 (1),20.5,4,47.5,22,4,49
Floor_3x3 (1),4.5,4,33.5,6,4,35
Floor_4x2,-14,3.5,24,-14,3.5,24
Floor_4x2,-16.5,1,21.5,-18.728,1,20.5
Floor_4x2,-16.5,4,21.5,-18.728,4,20.5
Floor_4x2 (1),-16.5,5,21.5,-18.728,5,20.5
Floor_4x2 (1),-16.5,8,21.5,-18.728,8,20.5
Floor_4x2 (2),-16.5,9,21.5,-18.728,9,20.5
Floor_4x2 (2),-16.5,12,21.5,-18.728,12,20.5
Floor_4x2 (3),-16.5,16,21.5,-18.728,16,20.5
Floor_4x2 (3),-16.5,13,21.5,-18.728,13,20.5
Floor_6x2,-14.5,12.5,21.5,-14.5,12.5,21.5
Floor_6x2,2,1,27.5,3.261,1,24.5
Floor_6x2 (1),0,1,27.5,1,1,24.5
Floor_6x2 (2),2,4,27.5,3.261,4,24.5
Floor_6x2 (3),0,4,27.5,1,4,24.5
Floor_6x3,-13.5,3.5,21,-13.5,3.5,21
Floor_6x3,23.5,1,50.5,22,1,53.5
Floor_6x3,7.5,1,33.5,10.5,1,35
Floor_6x3,7.5,1,27.5,6,1,30.5
Floor_6x3 (1),7.5,4,33.5,10.5,4,35
Floor_6x3 (1),10.5,1,27.5,9,1,30.5
Floor_6x3 (10),-15,4,21.5,-16.5,4,24.5
Floor_6x3 (10),-2,4,27.5,1,4,29
Floor_6x3 (11),-18,4,21.5,-19.5,4,24.5
Floor_6x3 (11),-2,4,33.5,1,4,35
Floor_6x3 (12),-15,8,21.5,-16.5,8,24.5
Floor_6x3 (13),-18,8,21.5,-19.5,8,24.5
Floor_6x3 (14),-15,12,21.5,-16.5,12,24.5
Floor_6x3 (15),-18,12,21.5,-19.5,12,24.5
Floor_6x3 (16),-15,16,21.5,-16.5,16,24.5
Floor_6x3 (17),-18,16,21.5,-19.5,16,24.5
Floor_6x3 (2),13.5,1,27.5,12,1,30.5
Floor_6x3 (2),28.5,1,47,30,1,44
Floor_6x3 (3),23.5,4,50.5,22,4,53.5
Floor_6x3 (3),28.5,4,47,30,4,44
Floor_6x3 (3),13.5,4,27.5,12,4,30.5
Floor_6x3 (4),-2,1,33.5,1,1,35
Floor_6x3 (4),10.5,4,27.5,9,4,30.5
Floor_6x3 (5),7.5,4,27.5,6,4,30.5
Floor_6x3 (5),-2,1,27.5,1,1,29
Floor_6x3 (6),-2,1,30.5,1,1,32
Floor_6x3 (7),-12,1,21.5,-13.5,1,24.5
Floor_6x3 (8),-15,1,21.5,-16.5,1,24.5
Floor_6x3 (8),-15,13,21.5,-16.5,13,24.5
Floor_6x3 (8),-18,5,21.5,-16.748,5,24.5
Floor_6x3 (8),-12,4,21.5,-13.5,4,24.5
Floor_6x3 (8),-15,9,21.5,-16.5,9,24.5
Floor_6x3 (9),-18,1,21.5,-19.5,1,24.5
Floor_6x3 (9),-2,4,30.5,1,4,32
Floor_6x3 (9),-18,9,21.5,-19.5,9,24.5
Floor_6x3 (9),-18,5,21.5,-19.5,5,24.5
Floor_6x3 (9),-18,13,21.5,-19.5,13,24.5
Floor_6x4,-9.5,6.5,25,-9.5,6.5,25
Floor_6x4,-16.5,1,27.5,-18.5,1,30.5
Floor_6x4 (1),-16.5,16,27.5,-18.5,16,30.5
Folder02,0.981,0.801,30.569,0.981,0.801,30.569
Folder02,-7.729,2.509,38.614,-7.706,2.509,38.614
Folder02,-12.033,1.82,13.259,-12.033,1.843,13.259
Folder02,-8.099,2.022,38.614,-8.076,2.022,38.614
Folder02,-6.101,2.022,7.878,-6.101,2.022,7.901
Folder02,5.794,2.022,36.079,5.817,2.022,36.079
Folder02,-7.751,1.972,17.651,-7.728,1.972,17.651
Folder02,-7.009,1.933,34.273,-7.032,1.933,34.269
Folder02,5.62,2.509,36.079,5.643,2.509,36.079
Folder02,8.28,2.509,36.079,8.303,2.509,36.079
Folder02,6.929,1.87,36.053,6.929,1.893,36.053
Folder02,-7.773,1.82,12.74,-7.773,1.843,12.74
Folder02,-9.08,1.87,38.588,-9.08,1.893,38.588
Folder02,25.867,1.937,25.217,25.859,1.937,25.239
Folder02,17.885,2.063,33.708,17.88,2.063,33.685
Folder02,-4.149,1.82,13.12,-4.149,1.843,13.12
Folder02,-6.101,2.509,8.248,-6.101,2.509,8.271
Folder02,7.91,2.022,36.079,7.933,2.022,36.079
Folder02,-7.97,1.982,12.707,-7.993,1.982,12.706
Folder02,-13.243,1.982,17.762,-13.266,1.982,17.766
Folder02,-6.075,1.87,6.897,-6.075,1.893,6.897
Folder02,5.431,1.87,36.053,5.431,1.893,36.053
Folder02,-4.717,1.933,32.929,-4.695,1.933,32.934
Folder02,26.465,1.775,25.557,26.465,1.798,25.557
Folder02 (1),-13.311,1.775,33.24,-13.311,1.798,33.24
Folder02 (1),-7.87,1.82,17.32,-7.87,1.843,17.32
Folder02 (2),-7.642,1.77,33.507,-7.642,1.793,33.507
Folder02 (3),-7.281,1.771,33.405,-7.281,1.794,33.405
Folder02 (4),-8.062,1.775,29.068,-8.062,1.798,29.068
FolderHolder,0.02,0.778,30.854,0.02,0.778,30.854
FolderHolder,25.807,1.775,25.411,25.807,1.875,25.411
FolderHolder,-12.675,1.82,17.804,-12.675,1.92,17.804
FolderHolder (1),-6.847,1.771,34.331,-6.847,1.871,34.331
FolderHolder (2),-4.204,1.77,38.601,-4.204,1.87,38.601
FolderHolder_WithFiles,-1.076,2.096,17.171,-1.076,2.096,17.171
FolderHolder_WithFiles,5.798,1.86,36.075,5.798,1.96,36.075
FolderHolder_WithFiles,-6.097,1.86,7.882,-6.097,1.96,7.882
FolderHolder_WithFiles,7.914,1.86,36.075,7.914,1.96,36.075
FolderHolder_WithFiles,-13.247,1.82,17.767,-13.247,1.92,17.767
FolderHolder_WithFiles,25.869,1.775,25.222,25.869,1.875,25.222
FolderHolder_WithFiles,-8.095,1.86,38.61,-8.095,1.96,38.61
FolderHolder_WithFiles,-7.974,1.82,12.711,-7.974,1.92,12.711
FolderHolder_WithFiles,17.88,1.901,33.705,17.88,2.001,33.705
FolderHolder_WithFiles,-7.747,1.81,17.647,-7.747,1.91,17.647
FolderHolder_WithFiles (1),5.624,2.347,36.075,5.624,2.447,36.075
FolderHolder_WithFiles (1),-7.724,2.347,38.61,-7.724,2.447,38.61
FolderHolder_WithFiles (1),8.285,2.347,36.075,8.285,2.447,36.075
FolderHolder_WithFiles (1),-7.014,1.771,34.276,-7.014,1.871,34.276
FolderHolder_WithFiles (1),-6.097,2.347,8.253,-6.097,2.447,8.253
FolderHolder_WithFiles (2),-4.712,1.771,32.926,-4.712,1.871,32.926
Hand_Paper,-0.397,1.547,10.449,-0.397,1.547,10.449
Hand_Paper,29.502,2.833,39.37,29.552,2.833,39.37
Hand_Paper (1),37.502,2.724,39.378,37.452,2.724,39.378
Hand_Paper (1),3.9,2.706,32.332,3.85,2.706,32.332
Hand_Paper (2),3.9,2.706,28.603,3.85,2.706,28.603
Keyboard,0.306,0.78,30.664,0.306,0.78,30.664
Keyboard,-4.431,1.82,13.45,-4.424,1.832,13.259
Keyboard,26.65,1.775,26.216,26.46,1.787,26.204
Keyboard,-12.486,1.82,13.312,-12.48,1.832,13.121
Keyboard (1),20.953,1.901,29.34,20.925,1.913,29.529
Keyboard (1),-4.59,1.82,17.175,-4.596,1.832,17.366
Keyboard (2),-8.142,1.77,34.619,-8.265,1.782,34.473
Keyboard (3),-3.369,1.773,34.02,-3.237,1.785,33.882
Keyboard (4),-3.428,1.773,32.344,-3.303,1.785,32.488
Keyboard (5),-8.159,1.761,33.055,-8.298,1.773,33.185
Keyboard (6),-9.858,1.761,33.003,-9.727,1.773,33.141
Keyboard (7),-3.512,1.773,37.936,-3.377,1.785,38.071
Lamp_Desk,17.61,1.901,29.931,17.61,1.901,29.931
Lamp_Desk,-11.8,1.82,12.735,-11.813,2.151,12.752
Lamp_Desk,-9.279,1.816,12.714,-9.271,2.147,12.734
Lamp_Desk,-5,1.82,12.88,-4.99,2.151,12.899
Lamp_Desk,26.168,1.775,25.199,26.176,2.106,25.219
Lamp_Desk (1),17.61,1.901,29.931,17.591,2.232,29.922
Lamp_Desk (2),-8.803,1.77,35.201,-8.782,2.101,35.199
Lamp_Desk (3),-2.857,1.77,34.301,-2.877,2.101,34.294
Lamp_Fluorescent_A,1,2.462,28.5,1,2.462,28.5
Lamp_Fluorescent_A,22.013,3.502,48.154,22.013,3.445,48.154
Lamp_Fluorescent_A,17.178,3.625,24.92,17.178,3.568,24.92
Lamp_Fluorescent_A (1),22.013,3.502,49.487,22.013,3.445,49.487
Lamp_Fluorescent_A (1),10.5,3.635,25,10.5,3.578,25
Lamp_Fluorescent_A (2),13.652,3.748,24.92,13.652,3.691,24.92
Lamp_Fluorescent_A (2),22.013,3.502,53.348,22.013,3.445,53.348
Lamp_Fluorescent_A (3),22.013,3.502,52.015,22.013,3.445,52.015
Lamp_Fluorescent_A (3),7.116,3.625,24.92,7.116,3.568,24.92
Lamp_Fluorescent_A (4),22.013,3.502,55.022,22.013,3.445,55.022
Lamp_Fluorescent_B,9.911,1.992,30.591,9.911,1.992,30.591
Lamp_Fluorescent_B,11.376,3.495,31.397,11.376,3.399,31.397
Lamp_Fluorescent_B (5),20.943,3.771,43.982,20.943,3.675,43.982
Lamp_Fluorescent_B (6),24.981,3.761,43.982,24.981,3.665,43.982
Lamp_Fluorescent_C,3.5,2.5,23.5,3.5,2.5,23.5
Lamp_Fluorescent_C,-18.474,6.11,32.514,-18.474,6.048,32.514
Lamp_Fluorescent_C,35.5,4,37.5,35.5,3.938,37.5
Lamp_Fluorescent_C,26.124,3.516,26.122,26.124,3.454,26.122
Lamp_Fluorescent_C (1),20.5,3.5,30,20.5,3.438,30
Lamp_Fluorescent_C (1),-18.474,10.094,32.514,-18.474,10.032,32.514
Lamp_Fluorescent_C (1),32.5,4,37.5,32.5,3.938,37.5
Lamp_Fluorescent_C (2),16.582,3.5,30,16.582,3.438,30
Lamp_Fluorescent_C (3),16.582,3.5,28.001,16.582,3.438,28.001
Lamp_Fluorescent_C (4),20.5,3.5,28.001,20.5,3.438,28.001
Lamp_Fluorescent_C (5),16.582,3.5,32.986,16.582,3.438,32.986
Lamp_Fluorescent_C (6),20.5,3.5,32.986,20.5,3.438,32.986
Lamp_Fluorescent_C (7),20.5,3.5,36.948,20.5,3.438,36.948
Lamp_Fluorescent_C (8),16.582,3.5,36.948,16.582,3.438,36.948
Lamp_SpotBulb,-14.345,3.532,33.147,-14.281,3.526,33.184
Lamp_SpotBulb,-14.345,3.532,32.956,-14.277,3.521,32.928
Lamp_SpotBulb,15.715,3.934,46.562,15.716,3.865,46.534
Lamp_SquareCeiling,1.666,2.081,29.474,1.666,2.081,29.474
Lamp_SquareCeiling,-19.844,6.603,33.041,-19.844,6.593,33.041
Lamp_SquareCeiling,6,4,29,6,3.99,29
Lamp_SquareCeiling,3.5,4,30,3.5,3.99,30
Lamp_SquareCeiling (1),-17.145,6.603,33.041,-17.145,6.593,33.041
Lamp_SquareCeiling (1),-6,4,18.5,-6,3.99,18.5
Lamp_SquareCeiling (1),3.5,4,32,3.5,3.99,32
Lamp_SquareCeiling (10),20,4,42,20,3.99,42
Lamp_SquareCeiling (10),9,4,32,9,3.99,32
Lamp_SquareCeiling (11),9,4,30,9,3.99,30
Lamp_SquareCeiling (11),20,4,45,20,3.99,45
Lamp_SquareCeiling (12),24,4,45,24,3.99,45
Lamp_SquareCeiling (12),9,4,34,9,3.99,34
Lamp_SquareCeiling (13),22,4,45,22,3.99,45
Lamp_SquareCeiling (13),11,4,34,11,3.99,34
Lamp_SquareCeiling (14),31,4,39.5,31,3.99,39.5
Lamp_SquareCeiling (14),7,4,34,7,3.99,34
Lamp_SquareCeiling (15),33,4,39.5,33,3.99,39.5
Lamp_SquareCeiling (15),7,4,30,7,3.99,30
Lamp_SquareCeiling (16),35,4,39.5,35,3.99,39.5
Lamp_SquareCeiling (16),11,4,32,11,3.99,32
Lamp_SquareCeiling (17),11,4,30,11,3.99,30
Lamp_SquareCeiling (2),-18.499,6.603,33.041,-18.499,6.593,33.041
Lamp_SquareCeiling (2),-9.5,4,18,-9.5,3.99,18
Lamp_SquareCeiling (2),3.5,4,29,3.5,3.99,29
Lamp_SquareCeiling (3),3.5,4,31,3.5,3.99,31
Lamp_SquareCeiling (3),-19.844,10.605,33.028,-19.844,10.595,33.028
Lamp_SquareCeiling (3),-1.769,4,12,-1.769,3.99,12
Lamp_SquareCeiling (4),-17.145,10.605,33.028,-17.145,10.595,33.028
Lamp_SquareCeiling (4),0.5,4,33,0.5,3.99,33
Lamp_SquareCeiling (4),-1.769,4,18,-1.769,3.99,18
Lamp_SquareCeiling (5),0.5,4,30,0.5,3.99,30
Lamp_SquareCeiling (5),-1.769,4,15,-1.769,3.99,15
Lamp_SquareCeiling (5),-18.499,10.605,33.028,-18.499,10.595,33.028
Lamp_SquareCeiling (6),-13.5,4,18,-13.5,3.99,18
Lamp_SquareCeiling (6),2.5,4,30,2.5,3.99,30
Lamp_SquareCeiling (7),-13.5,4,15,-13.5,3.99,15
Lamp_SquareCeiling (7),2.5,4,33,2.5,3.99,33
Lamp_SquareCeiling (8),-13.5,4,12,-13.5,3.99,12
Lamp_SquareCeiling (8),22,4,42,22,3.99,42
Lamp_SquareCeiling (9),24,4,42,24,3.99,42
Lamp_SquareCeiling (9),7,4,32,7,3.99,32
Laptop_1,3.24,0,28.135,3.24,0,28.135
Laptop_1,-12.59,1.82,17.375,-12.59,1.968,17.375
Laptop_1,17.57,1.901,34.563,17.57,2.064,34.563
Laptop_1 (1),-8.033,1.775,28.42,-8.033,1.923,28.42
Laptop_2,2.713,0,28.135,2.713,0,28.135
Laptop_2,-8.58,1.82,17.324,-8.58,1.97,17.324
Laptop_2,10.963,1.78,32.303,10.963,1.93,32.303
Laptop_2 (1),17.044,1.901,29.49,17.044,2.051,29.49
Laptop_2 (2),-9.798,1.767,34.584,-9.798,1.917,34.584
LCD_Screen_1,3.812,0,28.135,3.812,0,28.135
LCD_Screen_1,-4.445,1.815,12.945,-4.445,2.043,12.945
LCD_Screen_1,-8.588,1.77,33.475,-8.588,1.999,33.475
LCD_Screen_1 (1),21.292,1.895,29.847,21.292,2.123,29.847
LCD_Screen_1 (2),-3.036,1.77,32.744,-3.036,1.998,32.744
LCD_Screen_1 (3),-3.117,1.77,38.379,-3.117,1.998,38.379
LCD_Screen_1 (4),-3.007,1.77,33.618,-3.007,1.998,33.618
LCD_Screen_2,-1.268,2.054,19.851,-1.268,2.054,19.851
LCD_Screen_2,-12.489,1.82,12.829,-12.489,2.049,12.829
LCD_Screen_2,26.223,1.775,26.215,26.223,2.004,26.215
LCD_Screen_2,-4.584,1.846,17.496,-4.584,2.075,17.496
LCD_Screen_2 (1),20.683,1.901,29.805,20.683,2.13,29.805
LCD_Screen_2 (2),-8.54,1.796,34.381,-8.54,2.025,34.381
LCD_Screen_2 (3),-9.45,1.796,33.307,-9.45,2.025,33.307
LCD_ScreenSOLO_1,5.227,0.263,28.126,5.227,0.263,28.126
LCD_ScreenSOLO_1,-17.97,7.02,20.626,-17.97,7.02,20.625
LCD_ScreenSOLO_1,22,3.205,29.498,22.001,3.205,29.498
LCD_ScreenSOLO_1 (1),-19.584,7.02,20.626,-19.584,7.02,20.625
LCD_ScreenSOLO_1 (1),22,3.205,35.025,22.001,3.205,35.025
LCD_ScreenSOLO_1 (2),20.007,3.205,23.043,20.007,3.205,23.042
LCD_ScreenSOLO_1 (3),16.5,3.205,23.043,16.5,3.205,23.042
Leather_Bench,6,0,26,6,0,26
Leather_Bench,11.427,1,27.081,11.427,1.245,27.081
Leather_Bench,-7.371,1,21.91,-7.371,1.245,21.91
Leather_Bench (1),22.616,1,23.967,22.616,1.245,23.967
Metal_Drawer,-6,1,21.195,-6,1,21.195
Metal_Drawer,-6,1,21.195,-6,1.41,21.195
Metal_Drawer (1),13.203,1,28.161,13.203,1.41,28.161
Metal_Drawer (2),13.203,1,29.145,13.203,1.41,29.145
Metal_Drawer (3),17.723,1,42.974,17.723,1.41,42.974
Metal_Drawer_SeparateDrawers,-6.389,1,18.424,-6.389,1,18.424
Metal_Drawer_SeparateDrawers,24.43,1,29.187,24.43,1.41,29.191
Metal_Drawer_SeparateDrawers (1),21.803,1,35.001,21.807,1.41,35.001
Metal_Drawer_SeparateDrawers (2),-14.195,1,28.544,-14.199,1.41,28.544
Metal_Drawer_SeparateDrawers (3),-14.195,1,29.56,-14.199,1.41,29.56
MetalCabinet,-8.696,0,8.62,-8.696,0,8.62
MetalCabinet,24.767,1,22.785,24.767,2.191,22.778
MetalCabinet,-15.195,1,21.151,-15.195,2.191,21.158
MetalCabinet (1),27.212,1,22.785,27.212,2.191,22.778
MetalCabinet (1),-13.69,1,21.135,-13.69,2.191,21.142
MetalCabinet (2),13.886,0.993,32.352,13.879,2.184,32.352
MetalCabinet_GridDoors,-10.056,0,8.553,-10.056,0,8.553
MetalCabinet_GridDoors,-14.847,1,9.886,-14.847,2.195,9.87
MetalCabinet_GridDoors,17.626,1,44.057,17.642,2.195,44.057
MetalCabinet_GridDoors (1),13.889,1,28.554,13.873,2.195,28.554
MetalCabinet_GridDoors (2),28.12,1,32.62,28.136,2.195,32.62
MetalShelf_Open,-11.638,0,8.935,-11.638,0,8.935
MetalShelf_Open,14.4,1,43.42,14.4,2.317,43.42
MetalShelf_Open_WithProps,-11.638,0,8.935,-11.638,0,8.935
MetalShelf_Open_WithProps,-13.471,1,9.911,-13.471,2.317,9.911
MetalShelf_Open_WithProps,13.875,1,30.624,13.875,2.317,30.624
MetalShelf_Open_WithProps (1),22.188,1,33.694,22.188,2.317,33.694
MetalShelf_Open_WithProps (2),22.754,1,33.697,22.754,2.317,33.697
MetalShelf_Open_WithProps (3),14.394,1,42.885,14.394,2.317,42.885
MetalShelf_Signle,-11.445,0.514,10.244,-11.445,0.514,10.244
MetalShelf_Signle,28.149,2.487,33.917,28.149,2.462,33.917
MetalShelf_Signle (1),28.149,3.178,33.917,28.149,3.153,33.917
Mouse,0.181,0.786,30.625,0.181,0.786,30.625
Mouse,-4.82,1.82,13.402,-4.773,1.835,13.229
Mouse,26.663,1.777,26.625,26.485,1.792,26.61
Mouse,-12.874,1.822,13.321,-12.878,1.837,13.142
Mouse (1),-4.211,1.822,17.153,-4.254,1.837,17.326
Mouse (1),21.424,1.903,29.313,21.358,1.918,29.48
Mouse (2),-8.399,1.772,34.947,-8.492,1.787,34.794
Mouse (3),-3.726,1.772,33.777,-3.594,1.788,33.656
Mouse (4),-3.177,1.772,32.072,-3.072,1.787,32.217
Mouse (5),-3.32,1.772,37.609,-3.206,1.788,37.746
Mouse (6),-9.68,1.772,32.689,-9.553,1.788,32.815
MousePad,0.269,0.778,30.625,0.269,0.778,30.625
MousePad,26.675,1.775,26.612,26.675,1.776,26.612
MousePad,-12.875,1.82,13.315,-12.875,1.821,13.315
MousePad,-4.825,1.816,13.427,-4.825,1.817,13.427
MousePad (1),21.38,1.901,29.28,21.38,1.902,29.28
MousePad (1),-4.215,1.82,17.182,-4.215,1.821,17.182
MousePad (2),-8.398,1.77,34.951,-8.398,1.771,34.951
MousePad (3),-3.72,1.77,33.763,-3.72,1.771,33.763
MousePad (4),-3.166,1.77,32.064,-3.166,1.771,32.064
MousePad (5),-3.312,1.77,37.601,-3.312,1.771,37.601
MousePad (6),-9.661,1.77,32.651,-9.661,1.771,32.651
Mug,0.319,0.775,30.457,0.319,0.775,30.457
Mug,-11.925,1.82,17.867,-11.925,1.871,17.867
Mug,26.41,1.775,26.929,26.41,1.826,26.929
Mug (1),-3.361,1.77,32.94,-3.361,1.822,32.94
Mug_WithPens,-0.91,1.82,17.433,-0.91,1.82,17.433
Mug_WithPens,-12.893,1.82,12.825,-12.893,1.871,12.825
Mug_WithPens,-9.088,1.82,12.64,-9.088,1.871,12.64
Mug_WithPens,11.385,1.78,30.232,11.385,1.831,30.232
Mug_WithPens,-8.247,1.82,17.59,-8.247,1.871,17.59
Mug_WithPens (1),11.385,1.78,32.089,11.385,1.831,32.089
Mug_WithPens (2),17.564,1.901,29.288,17.564,1.952,29.288
Mug_WithPens (3),21.698,1.901,29.748,21.698,1.952,29.748
Mug_WithPens (4),-12.929,1.775,32.488,-12.929,1.826,32.488
Mug_WithPens (5),-8.834,1.771,35.524,-8.834,1.822,35.524
Mug_WithPens (6),-4.55,1.771,33.458,-4.55,1.822,33.458
Mug_WithPens (7),-8.301,1.775,27.721,-8.301,1.826,27.721
PaintingSet_A,-17.555,4.71,33.5,-17.555,4.71,33.5
PaintingSet_A,-17.661,4.787,33.5,-17.661,4.787,33.485
PaintingSet_B,-19.415,4.787,33.5,-19.415,4.787,33.5
PaintingSet_B,-19.175,4.787,33.5,-19.175,4.787,33.486
PaintingSet_B,-19.77,14.875,20.626,-19.77,14.875,20.641
PaintingSet_C,-18.544,4.781,33.5,-18.544,4.781,33.5
PaintingSet_C,-17.744,10.863,20.626,-17.744,10.863,20.65
PaintingSet_C,-19.197,9.006,33.5,-19.197,9.006,33.476
PaintingSet_D,-17.198,4.78,33.002,-17.198,4.78,33.002
PaintingSet_D,-17.729,9.005,33.494,-17.729,9.005,33.47
PaintingSet_D,-19.676,10.884,20.626,-19.676,10.884,20.651
Paper01,0.549,0.776,30.477,0.549,0.776,30.477
Paper01,-8.143,1.82,17.237,-8.143,1.824,17.237
Paper01,11.825,1.78,31.612,11.825,1.784,31.612
Paper01,26.434,1.775,25.855,26.434,1.779,25.855
Paper01,-12.247,1.82,17.565,-12.247,1.824,17.565
Paper01,-8.48,1.82,13.243,-8.48,1.824,13.243
Paper01 (1),-8.18,1.82,13.26,-8.18,1.824,13.26
Paper01 (1),10.939,1.78,30.474,10.939,1.784,30.474
Paper01 (2),18.218,2.35,36.368,18.216,2.35,36.363
Paper01 (2),-10.143,1.77,34.215,-10.143,1.775,34.215
Paper01 (3),18.611,2.171,36.184,18.609,2.171,36.179
Paper02,0.698,0.793,30.354,0.698,0.793,30.354
Paper02,5.238,1.861,36.083,5.238,1.865,36.083
Paper02,17.045,1.901,28.842,17.045,1.905,28.842
Paper02,-9.02,1.82,17.183,-9.02,1.824,17.183
Paper02,-12.113,1.82,17.266,-12.113,1.824,17.266
Paper02,-8.704,1.82,13.235,-8.704,1.824,13.235
Paper02,7.354,1.861,36.083,7.354,1.865,36.083
Paper02,-8.655,1.861,38.618,-8.655,1.865,38.618
Paper02,-6.105,1.861,7.322,-6.105,1.865,7.322
Paper02 (1),-13.395,1.775,33.499,-13.395,1.779,33.499
Paper02 (1),17.85,2.322,36.522,17.848,2.322,36.518
Paper02 (2),-9.537,1.771,32.018,-9.537,1.775,32.018
PaperBag01,-11.103,0,11.414,-11.103,0,11.414
PaperBag01,22.103,2.085,34.082,22.103,2.261,34.082
PaperBag01,28.059,1.769,32.361,28.059,1.945,32.361
PaperBag01,21.692,1.901,29.467,21.692,2.077,29.467
PaperBag01,-1.033,1.86,20.934,-1.033,2.036,20.934
PaperBag01,14.782,2.085,42.97,14.782,2.261,42.97
PaperBag01,13.79,2.085,31.012,13.79,2.261,31.012
PaperBag01,22.839,2.085,33.309,22.839,2.261,33.309
PaperBag01,-4.049,1.82,17.532,-4.049,1.996,17.532
PaperBag01,-13.083,2.085,9.996,-13.083,2.261,9.996
PaperBag01 (1),-13.365,2.085,9.996,-13.365,2.261,9.996
PaperBag01 (1),14.5,2.085,42.97,14.5,2.261,42.97
PaperBag01 (1),-3.968,1.77,32.884,-3.968,1.947,32.884
PaperBag01 (1),22.103,2.085,33.8,22.103,2.261,33.8
PaperBag01 (1),13.79,2.085,30.73,13.79,2.261,30.73
PaperBag01 (1),22.839,2.085,33.591,22.839,2.261,33.591
PaperBag01 (1),28.059,2.283,32.361,28.059,2.459,32.361
PaperBag01 (2),-13.931,1.602,9.948,-13.931,1.778,9.948
PaperBag01 (2),28.059,2.506,33.833,28.059,2.682,33.833
PaperBag01 (2),13.934,1.602,42.922,13.934,1.778,42.922
PaperBag01 (2),22.151,1.602,33.234,22.151,1.778,33.234
PaperBag01 (2),13.838,1.602,30.164,13.838,1.778,30.164
PaperBag01 (2),22.791,1.602,34.157,22.791,1.778,34.157
PaperBag01 (2),-9.383,1.77,35.056,-9.383,1.946,35.056
PaperBag01 (3),22.839,1.602,33.259,22.839,1.778,33.259
PaperBag01 (3),13.79,1.602,31.062,13.79,1.778,31.062
PaperBag01 (3),14.832,1.602,42.97,14.832,1.778,42.97
PaperBag01 (3),28.057,2.506,33.545,28.057,2.682,33.545
PaperBag01 (3),22.103,1.602,34.132,22.103,1.778,34.132
PaperBag01 (3),-13.033,1.602,9.996,-13.033,1.778,9.996
PaperBag01 (4),13.8,2.568,31.069,13.8,2.744,31.069
PaperBag01 (4),22.829,2.568,33.252,22.829,2.744,33.252
PaperBag01 (4),-13.026,2.568,9.986,-13.026,2.744,9.986
PaperBag01 (4),22.113,2.568,34.139,22.113,2.744,34.139
PaperBag01 (4),14.839,2.568,42.96,14.839,2.744,42.96
PaperBag01 (5),-13.365,3.05,9.996,-13.365,3.226,9.996
PaperBag01 (5),14.5,3.05,42.97,14.5,3.226,42.97
PaperBag01 (5),13.79,3.05,30.73,13.79,3.226,30.73
PaperBag01 (5),22.103,3.05,33.8,22.103,3.226,33.8
PaperBag01 (5),22.839,3.05,33.591,22.839,3.226,33.591
PaperBag01 (6),13.79,3.05,31.012,13.79,3.226,31.012
PaperBag01 (6),14.782,3.05,42.97,14.782,3.226,42.97
PaperBag01 (6),-13.083,3.05,9.996,-13.083,3.226,9.996
PaperBag01 (6),22.103,3.05,34.082,22.103,3.226,34.082
PaperBag01 (6),22.839,3.05,33.309,22.839,3.226,33.309
PC,-0.113,0.774,30.336,-0.113,0.774,30.336
PC,26.226,1,27.002,26.226,1.238,27.002
PC,-13.265,1.82,12.864,-13.265,2.058,12.864
PC,-5.115,1,13,-5.115,1.238,13
PC (1),-3.756,1.82,17.488,-3.756,2.058,17.488
PC (1),-2.979,1.771,34.915,-2.979,2.009,34.915
PC (2),-10.031,1.771,33.646,-10.031,2.009,33.646
Pen,1.047,0.79,30.425,1.047,0.79,30.425
Pen,-9.078,1.901,12.622,-9.078,1.902,12.63
Pen,21.709,1.982,29.731,21.709,1.983,29.738
Pen,11.395,1.861,32.072,11.396,1.862,32.079
Pen,-12.882,1.901,12.807,-12.882,1.902,12.815
Pen,-12.918,1.856,32.47,-12.918,1.857,32.478
Pen,26.693,1.775,25.776,26.693,1.783,25.776
Pen,10.886,1.78,31.287,10.886,1.788,31.287
Pen,17.574,1.982,29.271,17.574,1.983,29.279
Pen,11.395,1.861,30.215,11.396,1.862,30.222
Pen,-8.229,1.901,17.601,-8.237,1.902,17.601
Pen,-12.998,1.82,17.3,-12.998,1.828,17.3
Pen,-8.291,1.856,27.704,-8.291,1.857,27.712
Pen,-4.539,1.852,33.441,-4.539,1.853,33.449
Pen,-8.823,1.852,35.507,-8.823,1.853,35.514
Pen (1),11.839,1.78,31.938,11.839,1.788,31.938
Pen (2),-4.328,1.771,33.676,-4.328,1.779,33.676
Pen (3),-10.285,1.77,34.502,-10.285,1.778,34.502
Pencil,1.115,0.806,30.424,1.115,0.806,30.424
Pencil,-8.817,1.867,35.536,-8.817,1.867,35.54
Pencil,-9.071,1.916,12.651,-9.071,1.916,12.656
Pencil,11.402,1.876,32.101,11.402,1.876,32.105
Pencil,-11.903,1.82,17.249,-11.903,1.825,17.249
Pencil,-4.533,1.867,33.47,-4.533,1.867,33.475
Pencil,11.402,1.876,30.244,11.402,1.876,30.248
Pencil,26.289,1.775,26.983,26.289,1.78,26.983
Pencil,-8.285,1.871,27.733,-8.284,1.871,27.738
Pencil,-12.912,1.871,32.499,-12.912,1.871,32.504
Pencil,17.58,1.997,29.3,17.581,1.997,29.304
Pencil,-3.983,1.82,13.375,-3.983,1.825,13.375
Pencil,-8.258,1.916,17.607,-8.263,1.916,17.607
Pencil,-12.876,1.916,12.836,-12.876,1.916,12.841
Pencil,21.715,1.997,29.76,21.715,1.997,29.764
Pencil (1),17.075,1.901,29.014,17.075,1.906,29.014
Pencil (2),-9.675,1.77,32.294,-9.675,1.775,32.294
Phone,1.352,0.776,30.501,1.352,0.776,30.501
Phone,-5.213,1.82,13.045,-5.213,1.86,13.045
Phone,-11.836,1.82,17.65,-11.836,1.86,17.65
Phone,25.979,1.775,26.912,25.979,1.815,26.912
Phone (1),17.17,1.901,30.001,17.17,1.941,30.001
Phone (1),-9.092,1.82,17.568,-9.092,1.86,17.568
Phone (2),-8.642,1.771,35.649,-8.642,1.811,35.649
Phone (3),-2.9,1.771,31.711,-2.9,1.811,31.711
Phone (4),-4.023,1.77,33.517,-4.023,1.811,33.517
Phone (5),-10.505,1.77,34.256,-10.505,1.811,34.256
Pipe_Holder,-19.48,10.606,31.63,-19.48,10.511,31.63
Pipe_Holder,-17.594,6.603,31.63,-17.594,6.508,31.63
Pipe_Holder,-19.48,6.603,31.63,-19.48,6.508,31.63
Pipe_Holder,-17.594,10.606,31.63,-17.594,10.511,31.63
PipeLargeCeiling2x,-32.5,12.5,24.5,-32.5,12.5,24.5
PipeLargeCeiling2x,-16.601,6.602,31.63,-17.601,6.486,31.63
PipeLargeCeiling2x (1),-18.601,6.602,31.63,-19.486,6.486,31.63
PipeLargeCeiling2x (2),-18.601,10.605,31.63,-19.486,10.489,31.63
PipeLargeCeiling2x (3),-16.601,10.605,31.63,-17.601,10.489,31.63
PipeLargeCeiling6x,-26.5,12.5,24.5,-26.5,12.5,24.5
PipeLargeCeiling6x,20.947,4,47.5,20.947,3.897,51.937
Plant_Inside_Small,-11.782,1.82,13.017,-11.782,1.94,13.017
Plant_Inside_Small,-3.76,2.297,17.568,-3.76,2.417,17.568
Plant_Inside_Small (2),-8.696,1.771,31.711,-8.696,1.891,31.711
Sink3x,-4.805,2.055,31.395,-4.805,2.055,31.395
Sink3x,3.906,1.901,30.585,3.553,1.721,30.585
Sink3x (1),32.11,2.005,39.902,32.11,1.825,39.549
Sink3x (2),35.427,2.005,39.902,35.427,1.825,39.549
SMPL_Female_Autonomous,8.852,-1.291,15.528,8.852,-1.291,15.528
SMPL_Female_Autonomous,-18.006,1,22.584,-18.006,2,22.584
SMPL_Female_Autonomous,14.89,1,34.163,14.89,2,34.163
SMPL_Female_Autonomous (1),1.118,1.013,17.519,1.118,2.013,17.519
SMPL_Female_Autonomous (2),-10.345,1,13.044,-10.345,2,13.044
SMPL_Male_Autonomous,3.356,-1.291,15.9,3.356,-1.291,15.9
SMPL_Male_Autonomous,20.713,1,32.819,20.713,2,32.819
SMPL_Male_Autonomous,31.6,1,37.101,31.6,2,37.101
SMPL_Male_Autonomous (1),7.85,1,31.012,7.85,2,31.012
Stairs_RailingInside_Loop,-16.5,5,27.5,-18.502,7.577,29.724
Stairs_RailingInside_Top,-16.5,9,27.5,-17.65,11.5,29.502
Stairs_RailingOutside,-16.5,9,27.5,-18.506,12.011,30.511
Stairs_RailingOutside,-16.5,5,27.5,-18.506,8.011,30.511
StairsMod_Ground,25.5,7.5,35.5,25.5,7.5,35.5
StairsMod_Ground,-16.5,1,27.5,-18.5,4.996,30.475
StairsMod_Loop,-16.5,5,27.5,-16.5,5,27.5
StairsMod_Loop,-16.5,5,27.5,-18.5,8.561,30.479
StairsMod_RailingInside_Loop,-16.5,1,27.5,-18.502,3.577,29.724
StairsMod_RailingOutside,-16.5,1,27.5,-18.506,4.011,30.511
StairsMod_Top,-17.604,5,26.926,-17.604,5,26.926
StairsMod_Top,-16.5,9,27.5,-18.5,12.365,30.475
Table_Drawer,-10.925,1,33.795,-10.94,1.385,33.442
Table_Drawer,-2.66,1,31.353,-3.013,1.385,31.338
Table_Drawer,-7.157,1,33.781,-7.142,1.385,33.428
Table_Drawer,-10.859,1,33.959,-10.874,1.385,34.312
Table_Drawer,-8.968,1,35.726,-8.615,1.385,35.741
Table_Drawer,-2.66,1,34.989,-3.013,1.385,35.004
Table_Drawer,-2.817,1,36.992,-3.17,1.385,36.977
Table_DrawerSmall,-9.178,1,31.892,-9.529,1.386,31.893
Table_DrawerSmall,-4.563,1,33.242,-4.562,1.386,33.593
Table_DrawerSmall,-4.563,1,33.1,-4.562,1.386,32.749
Table_DrawerSmall,-7.059,1,33.979,-7.06,1.386,34.33
Table_DrawerSmall,-8.904,1,31.878,-8.553,1.386,31.879
Table_DrawerSmall,-9.112,1,35.862,-9.463,1.386,35.861
Table_DrawerSmall,-4.72,1,38.739,-4.719,1.386,38.388
Table_Flag,7,1,25.5,7,1,25.5
Table_Flag,7.137,1.856,35.954,7.137,2.008,35.945
Table_Flag,26.064,1.775,25.584,26.064,1.927,25.575
Table_Flag,-5.976,1.856,7.105,-5.967,2.008,7.105
Table_Flag,-8.872,1.856,38.489,-8.872,2.008,38.48
Table_Flag,-9.016,1.82,12.885,-9.016,1.972,12.876
Table_Flag (1),17.635,1.901,29.661,17.635,2.053,29.652
Table_Flag (2),-12.996,1.775,33.799,-12.996,1.927,33.79
Table_Flag (3),-8.883,1.771,35.725,-8.883,1.923,35.716
Table_Flag (4),-7.286,1.757,33.684,-7.286,1.909,33.675
Table_Flag (5),-4.235,1.757,33.038,-4.235,1.909,33.029
Table_Flag (6),-8.236,1.775,27.881,-8.236,1.927,27.872
Table_Main,-9.112,1,33.959,-9.412,1.385,34.659
Table_Main,-9.178,1,33.795,-9.478,1.385,33.095
Table_Main,-2.817,1,38.739,-3.517,1.385,38.439
Table_Main,-8.904,1,33.781,-8.604,1.385,33.081
Table_Main,-2.66,1,33.1,-3.36,1.385,32.8
Table_Main,-8.968,1,33.979,-8.268,1.385,34.279
Table_Main,-2.66,1,33.242,-3.36,1.385,33.542
Table_MeetingWithChairs,0.58,1,15.606,0.58,1,15.606
Table_MeetingWithChairs,11.427,1,31.389,11.427,1.75,31.389
Table_Office,23,1,32,23,1,32
Table_Office,25.62,1,26.113,26.232,1.76,26.113
Table_Office (1),-8.374,1,28.485,-8.029,1.76,28.485
Table_Office (2),-12.856,1,33.143,-13.201,1.76,33.143
Table_OfficeDrawer,21.807,1,32,21.807,1,32
Table_OfficeDrawer,-14.387,1,30.811,-14.036,1.386,30.806
TableScreen_A,4.2,0,27.913,4.2,0,27.913
TableScreen_A,-8.473,1,28.688,-8.473,1.847,28.688
TableScreen_B,4.122,0,26.981,4.122,0,26.981
TableScreen_B,21.046,1,30.206,21.046,1.843,30.206
TableScreen_B (1),-3.809,1,38.788,-3.809,1.843,38.788
TableScreen_B (2),-2.75,1,37.846,-2.75,1.843,37.846
TableScreen_B (3),-5.787,1,38.788,-5.787,1.843,38.788
TableScreen_C,3.449,0,27.147,3.449,0,27.147
TableScreen_C,17.5,1,35.5,17.5,1.527,35.5
TableScreen_C (1),18.5,1,34.5,18.5,1.527,34.5
TableScreen_C (2),18.07,1,29.439,18.07,1.527,29.439
TableScreen_C (3),17.205,1,30.439,17.205,1.527,30.439
TableScreen_C (4),-7.562,1,29.422,-7.562,1.527,29.422
TableScreen_C_Glass,4,0,27,4,0,27
TableScreen_C_Glass,-9.015,1,32.656,-9.015,1.777,32.656
TableScreen_C_Glass (1),-7.891,1,33.861,-7.891,1.777,33.861
TableScreen_C_Glass (2),-10.042,1,33.861,-10.042,1.777,33.861
TableScreen_C_Glass (3),-9.015,1,35.049,-9.015,1.777,35.049
TableScreen_C_Glass (4),-3.84,1,33.173,-3.84,1.777,33.173
TableScreen_E,3.438,0,27.117,3.438,0,27.117
TableScreen_E,-4.5,1,12.5,-4.5,1.527,12.5
TableScreen_E (1),-5.5,1,13.5,-5.5,1.527,13.5
TableScreen_E (10),-9.5,1,13.5,-9.5,1.527,13.5
TableScreen_E (11),-12.5,1,18,-12.5,1.527,18
TableScreen_E (12),-11.5,1,17,-11.5,1.527,17
TableScreen_E (13),-9.5,1,17,-9.5,1.527,17
TableScreen_E (2),-5.5,1,17,-5.5,1.527,17
TableScreen_E (3),-4.5,1,18,-4.5,1.527,18
TableScreen_E (4),-7.5,1,17,-7.5,1.527,17
TableScreen_E (5),-8.5,1,18,-8.5,1.527,18
TableScreen_E (6),-7.5,1,13.5,-7.5,1.527,13.5
TableScreen_E (7),-8.5,1,12.5,-8.5,1.527,12.5
TableScreen_E (8),-12.5,1,12.5,-12.5,1.527,12.5
TableScreen_E (9),-11.5,1,13.5,-11.5,1.527,13.5
TableScreen_E_Glass,4,0,28,4,0,28
TableScreen_E_Glass (2),-3.5,1,17,-3.5,1.777,17
TableScreen_E_Glass (3),-3.5,1,13.5,-3.5,1.777,13.5
TableScreen_E_Glass (4),-13.5,1,13.5,-13.5,1.777,13.5
TableScreen_E_Glass (5),-13.5,1,17,-13.5,1.777,17
TableWooden,28.061,1,34.077,28.061,1.41,34.077
TableWooden_B,-8.5,1,13,-9.23,1.411,12.9
TableWooden_B,-4.533,1,13.108,-5.263,1.411,13.008
TableWooden_B,-12.5,1,13,-13.23,1.411,12.9
TableWooden_B (1),-12.5,1,17.5,-11.77,1.411,17.6
TableWooden_B (1),-8.5,1,17.5,-7.77,1.411,17.6
TableWooden_B (2),-4.5,1,17.5,-3.77,1.411,17.6
Toilet,-11.901,1.396,29.92,-11.901,1.396,29.92
Toilet,-1.91,1.374,28.898,-1.591,1.424,28.898
Toilet (1),35.604,1.389,33.597,35.604,1.439,33.916
Toilet (2),37.142,1.389,33.597,37.142,1.439,33.916
Toilet (3),34.085,1.389,33.597,34.085,1.439,33.916
Toilet (4),32.581,1.389,33.597,32.581,1.439,33.916
Toilet (5),-1.91,1.374,30.406,-1.591,1.424,30.406
Toilet (6),-1.91,1.374,31.95,-1.591,1.424,31.95
Toilet (7),2.936,1.37,35.89,2.936,1.42,35.571
Toilet_Paper,-0.28,1.5,10,-0.28,1.5,10
Toilet_Paper,31.879,2.299,34.718,31.939,2.299,34.718
Toilet_Paper,3.504,1.921,34.992,3.564,1.921,34.992
Toilet_Paper,-0.969,2.044,31.134,-0.969,2.044,31.074
Toilet_Paper (1),-0.969,2.044,32.634,-0.969,2.044,32.574
Toilet_Paper (1),33.379,2.299,34.718,33.439,2.299,34.718
Toilet_Paper (2),34.881,2.299,34.718,34.941,2.299,34.718
Toilet_Paper (2),-0.969,2.044,29.627,-0.969,2.044,29.567
Toilet_Paper (3),36.381,2.299,34.718,36.441,2.299,34.718
Toilet_Partition_End,1,1,7,1,1,7
Toilet_Partition_End,0,1,28,-0.944,2.34,28.15
Toilet_Partition_End,38,1,35.5,37.85,2.34,34.556
Toilet_Partition_End (1),2,1,34,2.15,2.34,34.944
Toilet_Partition_Tile,2.197,1,8.195,2.197,1,8.195
Toilet_Partition_Tile,3,1,34,3.65,2.35,33.98
Toilet_Partition_Tile,32.5,1,35.5,31.85,2.35,35.52
Toilet_Partition_Tile (1),34,1,35.5,33.35,2.35,35.52
Toilet_Partition_Tile (1),0,1,30.5,0.02,2.35,31.15
Toilet_Partition_Tile (2),0,1,29,0.02,2.35,29.65
Toilet_Partition_Tile (2),35.5,1,35.5,34.85,2.35,35.52
Toilet_Partition_Tile (3),37,1,35.5,36.35,2.35,35.52
Toilet_Partition_Tile (3),0,1,32,0.02,2.35,32.65
ToiletSign,0.399,2.743,27.401,0.399,2.743,27.401
ToiletSign,0.294,2.71,27.401,0.294,2.71,27.389
ToiletSign (1),28.4,2.798,36.453,28.388,2.798,36.453
Trashcan,7,0,25.5,7,0,25.5
Trashcan,-5.307,1,21.13,-5.307,1.191,21.13
Trashcan,11.329,1,29.684,11.329,1.191,29.684
Trashcan,4.118,1,8.18,4.118,1.191,8.18
Trashcan (2),26.092,1,24.817,26.092,1.191,24.817
Trashcan (3),16.891,1,30.622,16.891,1.191,30.622
Trashcan (4),-8.724,1,31.349,-8.724,1.191,31.349
Trashcan (5),-9.32,1,31.349,-9.32,1.191,31.349
Trashcan (6),-2.883,1,31.146,-2.883,1.191,31.146
Trashcan (7),-8.606,1,36.113,-8.606,1.191,36.113
Trashcan (8),-2.833,1,35.411,-2.833,1.191,35.411
Trashcan_Metal,5.324,1,23,5.324,1,23
Trashcan_Metal,-15.888,13,21.857,-15.888,13.395,21.857
Trashcan_Metal,5,1,22,5,1.395,22
Trashcan_Metal (1),10.466,1,27.148,10.466,1.395,27.148
Trashcan_Metal (10),38.028,1,38.69,38.028,1.395,38.69
Trashcan_Metal (2),2.992,1,13.176,2.992,1.395,13.176
Trashcan_Metal (3),-1.095,1,4.75,-1.095,1.395,4.75
Trashcan_Metal (4),3.524,1,28.638,3.524,1.395,28.638
Trashcan_Metal (5),-8.146,1,27.214,-8.146,1.395,27.214
Trashcan_Metal (6),-6.299,1,21.843,-6.299,1.395,21.843
Trashcan_Metal (7),13.912,1,27.757,13.912,1.395,27.757
Trashcan_Metal (8),19.847,1,47.187,19.847,1.395,47.187
Trashcan_Metal (9),30.182,1,39.619,30.182,1.395,39.619
Urinal,-7.58,1.919,27.601,-7.58,1.919,27.601
Urinal,-0.51,2,35.881,-0.51,2.008,35.689
Urinal (1),0.49,2,35.881,0.49,2.008,35.689
Urinal (2),31.214,1.976,33.626,31.214,1.984,33.818
Urinal (3),30.109,1.976,33.626,30.109,1.984,33.818
Urinal (4),1.564,2,35.881,1.564,2.008,35.689
Urinal_Partition,-7,1,27.5,-7,1,27.5
Urinal_Partition,1,1,36,0.999,2.171,35.586
Urinal_Partition (1),-1,1,36,-1.001,2.171,35.586
Urinal_Partition (2),0,1,36,-0.001,2.171,35.586
Urinal_Partition (3),30.665,1,33.5,30.666,2.171,33.914
W_1x,0,0,0,0,0,0
W_1x,25.5,1,47,25.413,2.5,47.5
W_1x,-16.5,1,21.5,-16,2.5,21.587
W_1x (1),-16.5,1,20.5,-16.587,2.5,21
W_1x (1),19.5,1,48,19.587,2.5,47.5
W_1x (10),-15.5,9,27.5,-16,10.5,27.413
W_1x (11),-16.5,9,21.5,-16,10.5,21.587
W_1x (12),-16.5,9,20.5,-16.587,10.5,21
W_1x (13),-16.5,13,20.5,-16.587,14.5,21
W_1x (14),-15.5,13,27.5,-16,14.5,27.413
W_1x (15),-16.5,13,21.5,-16,14.5,21.587
W_1x (2),-21,1,21.5,-20.913,2.5,21
W_1x (3),-20.5,1,27.5,-21,2.5,27.413
W_1x (4),-21,5,21.5,-20.913,6.5,21
W_1x (5),-20.5,5,27.5,-21,6.5,27.413
W_1x (6),-15.5,5,27.5,-16,6.5,27.413
W_1x (6),-21,13,21.5,-20.913,14.5,21
W_1x (7),-20.5,13,27.5,-21,14.5,27.413
W_1x (7),-16.5,5,21.5,-16,6.5,21.587
W_1x (8),-20.5,9,27.5,-21,10.5,27.413
W_1x (8),-16.5,5,20.5,-16.587,6.5,21
W_1x (9),-21,9,21.5,-20.913,10.5,21
W_2x_glass_A,-1.5,1,2.5,-1.5,1,2.5
W_2x_glass_A,-5,1,4.5,-5,2.5,4.5
W_2x_glass_A,23,1,24,23,2.5,24
W_2x_glass_A (1),23,1,28,23,2.5,28
W_2x_glass_A (2),-3.5,1,27.5,-3.5,2.5,27.5
W_2x_glass_A (3),-7.5,1,27.5,-7.5,2.5,27.5
W_2x_glass_A (4),3,1,4.5,3,2.5,4.5
W_2x_glass_A (5),-1,1,4.5,-1,2.5,4.5
W_2x_glass_A (6),-12.5,1,27.5,-12.5,2.5,27.5
W_2x_glass_B,-1.5,1,4,-1.5,1,4
W_2x_glass_B,19.5,1,41,19.5,2.5,41
W_2x_glass_B,4.5,1,22.558,4.5,2.5,22.558
W_2x_glass_B (1),23.5,1,41,23.5,2.5,41
W_2x_glass_B (1),4.5,1,26.459,4.5,2.5,26.459
W_2x_glass_B (2),26.5,1,41,26.5,2.5,41
W_2x_glass_B (3),14.554,1,41,14.554,2.5,41
W_2x_glass_Door,4.5,1,24.5,4.5,1,24.5
W_2x_glass_Door,23,1,26,23,2.5,25.25
W_2x_glass_Door (1),-5.5,1,27.5,-4.75,2.5,27.5
W_2x_glass_Door (2),-10.5,1,27.5,-9.75,2.5,27.5
W_2x_glass_DoorDouble,1,1,5.5,1,1,5.5
W_2x_glass_DoorDouble,21.5,1,41,21.5,3.65,41
W_2x_glass_DoorDouble,1,1,4.5,1,3.65,4.5
W_2x_glass_DoorDouble (1),16.5,1,41,16.5,3.65,41
W_2x_glass_DoorDouble (2),4.5,1,24.5,4.5,3.65,24.5
W_2x_glass_DoorDouble (3),-3,1,4.5,-3,3.65,4.5
W_3x,0,1,0,0,1,0
W_3x,-21,9,20.5,-18.796,10.5,20.587
W_3x,13.5,1,27.5,12,2.5,27.413
W_3x,-21,1,20.5,-18.775,2.5,20.587
W_3x,26.5,1,47.5,25,2.5,47.413
W_3x (1),10.5,1,27.5,12,2.5,27.587
W_3x (1),-21,5,20.5,-18.796,6.5,20.587
W_3x (1),20.5,1,47.5,19,2.5,47.413
W_3x (1),-21,13,20.5,-18.796,14.5,20.587
W_3x (10),28.5,1,41,30,2.5,41.087
W_3x (11),-13.5,1,27.5,-15,2.5,27.413
W_3x (12),-16.5,1,27.5,-15,2.5,27.587
W_3x (13),-15.5,1,21.5,-14,2.5,21.587
W_3x (2),7.5,1,36.5,6,2.5,36.413
W_3x (2),23.5,1,47.5,23.413,2.5,49
W_3x (3),13.5,1,33.5,13.413,2.5,35
W_3x (3),20.5,1,50.5,20.587,2.5,49
W_3x (4),4.5,1,36.5,4.587,2.5,35
W_3x (5),4,1,27.5,3.913,2.5,29
W_3x (6),13.5,1,47,13.587,2.5,46.253
W_3x (7),-15.5,1,9.5,-14,2.5,9.587
W_3x (8),-2,1,36.5,-1.913,2.5,35
W_3x (9),-12.5,1,21.5,-14.223,2.5,21.413
W_3x_Elevator_Door,-21,9,26,-20.987,10.5,26
W_3x_Elevator_Door,-21,13,26,-20.987,14.5,26
W_3x_Elevator_Door,-21,9,23,-20.987,10.5,23
W_3x_Elevator_Door,-21,1,23,-20.987,2.5,23
W_3x_Elevator_Door,-21,5,23,-20.987,6.5,23
W_3x_Elevator_Door,-21,1,26,-20.987,2.5,26
W_3x_Elevator_Door,-21,13,23,-20.987,14.5,23
W_3x_Elevator_Door,-21,5,26,-20.987,6.5,26
W_6x,0,0,0,0,0,0
W_6x (1),-6.5,1,6.5,-6.413,2.5,6.5
W_6x (10),3.5,1,12.5,3.587,2.5,12.5
W_6x (11),3.5,1,18.5,3.587,2.5,18.5
W_6x (12),-9.5,1,9.5,-9.5,2.5,9.587
W_6x (13),-6.5,1,0.5,-6.413,2.5,0.5
W_6x (14),4.5,1,1.5,4.413,2.5,1.5
W_6x (15),4,1,33.5,3.913,2.5,33.5
W_6x (16),-5.5,1,39,-5.5,2.5,38.913
W_6x (17),-2.5,1,37,-2.587,2.5,37
W_6x (18),-2,1,30.5,-1.913,2.5,30.5
W_6x (19),-11.5,1,39,-11.5,2.5,38.913
W_6x (20),-14.5,1,31,-14.413,2.5,31
W_6x (21),-14.5,1,37,-14.413,2.5,37
W_6x (22),-3.5,1,-2.5,-3.5,2.5,-2.413
W_6x (23),2,1,-2.5,2,2.5,-2.413
W_6x (24),1,1,36,1,2.5,35.913
W_6x (25),4.5,1,6,4.587,2.5,6
W_6x (26),4.5,1,0,4.587,2.5,0
W_6x (27),6.5,1,21.5,6.5,2.5,21.413
W_6x (28),13.5,1,30.5,13.587,2.5,30.5
W_6x (29),28.5,1,25.5,28.413,2.5,25.5
W_6x (3),3.5,1,12.5,3.413,2.5,12.5
W_6x (30),13.5,1,30.5,13.413,2.5,30.5
W_6x (31),10.5,1,36.5,10.5,2.5,36.413
W_6x (32),4.5,1,30.5,4.587,2.5,30.5
W_6x (33),13.5,1,36.5,13.587,2.5,36.5
W_6x (34),26,1,22.5,26,2.5,22.587
W_6x (35),28.5,1,31.5,28.413,2.5,31.5
W_6x (36),13.5,1,42.5,13.587,2.5,42.5
W_6x (37),16.5,1,47,16.5,2.5,46.913
W_6x (38),31.5,1,33.5,31.5,2.5,33.587
W_6x (4),4.5,1,7.5,4.413,2.5,7.5
W_6x (40),28.5,1,47,28.5,2.5,46.913
W_6x (41),26,1,22.5,26,2.5,22.413
W_6x (42),37.5,1,33.5,37.5,2.5,33.587
W_6x (43),37.5,1,40,37.5,2.5,39.913
W_6x (44),31.5,1,40,31.5,2.5,39.913
W_6x (45),38.5,1,36.5,38.413,2.5,36.5
W_6x (5),3.5,1,18.5,3.413,2.5,18.5
W_6x (6),-3.5,1,21.5,-3.5,2.5,21.587
W_6x (7),-2.5,1,31,-2.587,2.5,31
W_6x (8),6.5,1,21.5,6.5,2.5,21.587
W_6x (9),-3.5,1,21.5,-3.5,2.5,21.413
W_6x_Door,0,0,0,0,0,0
W_6x_Door,28.5,1,37.5,28.45,2.5,37.5
W_6x_Door,-9.5,1,21.5,-9.5,2.5,21.45
W_6x_Door (1),1.5,1,27.5,1.5,2.5,27.45
W_6x_Door (1),28.5,1,37.5,28.55,2.5,37.5
W_6x_Door (2),1.5,1,27.5,1.5,2.5,27.55
W_6x_Door (3),-9.5,1,21.5,-9.5,2.5,21.55
W_6x_DoorDouble,0,0,0,0,0,0
W_6x_DoorDouble,2,1,-0.5,2,2.5,-0.55
W_6x_DoorDouble,-15.5,5,24.5,-15.45,6.5,24.5
W_6x_DoorDouble,-15.5,5,24.5,-15.55,6.5,24.5
W_6x_DoorDouble (2),-15.5,9,24.5,-15.45,10.5,24.5
W_6x_DoorDouble (2),31.5,1,44,31.45,2.5,44
W_6x_DoorDouble (2),-15.5,9,24.5,-15.55,10.5,24.5
W_6x_DoorDouble (3),-15.5,13,24.5,-15.55,14.5,24.5
W_6x_DoorDouble (3),31.5,1,44,31.55,2.5,44
W_6x_DoorDouble (4),-15.5,13,24.5,-15.45,14.5,24.5
W_6x_DoorDouble (4),-4,1,-0.5,-4,2.5,-0.55
W_6x_DoorDouble (5),-4,1,-0.5,-4,2.5,-0.45
W_6x_DoorDouble (6),2,1,-0.5,2,2.5,-0.45
W_6x_DoorWindow_Large,0,0,0,0,0,0
W_6x_DoorWindow_Large,-3.5,1,9.5,-3.5,2.5,9.45
W_6x_DoorWindow_Large,7.5,1,27.5,7.5,2.5,27.45
W_6x_DoorWindow_Large (1),-3.5,1,9.5,-3.5,2.5,9.55
W_6x_DoorWindow_Large (1),7.5,1,27.5,7.5,2.5,27.55
W_6x_Window_Large_B,0,0,0,0,0,0
W_6x_Window_Large_B,-0.5,1,12.5,-0.437,2.5,12.5
W_6x_Window_Large_B (1),-0.5,1,18.5,-0.437,2.5,18.5
W_6x_Window_Large_B (2),-0.5,1,18.5,-0.563,2.5,18.5
W_6x_Window_Large_B (3),-0.5,1,12.5,-0.563,2.5,12.5
W_6x_Window_MiniDouble,0,0,0,0,0,0
W_6x_Window_MiniDouble,13.5,1,22.5,13.5,2.5,22.563
W_6x_Window_MiniDouble (1),20,1,22.5,20,2.5,22.563
W_6x_Window_MiniDouble (2),18,1,44,17.937,2.5,44
W_6x_Window_MiniDouble (3),18,1,44,18.063,2.5,44
W_6x_Window_MiniDouble (4),13.5,1,22.5,13.5,2.5,22.437
W_6x_Window_MiniDouble (5),20,1,22.5,20,2.5,22.437
W_6x_Window_Small,0,0,0,0,0,0
W_6x_Window_Small,-16,1,18.5,-15.937,2.5,18.5
W_6x_Window_Small,26,1,29.5,26,2.5,29.563
W_6x_Window_Small (1),26,1,29.5,26,2.5,29.437
W_6x_Window_Small (1),-16,1,12.5,-15.937,2.5,12.5
W_6x_Window_Small (2),-16,1,18.5,-16.063,2.5,18.5
W_6x_Window_Small (3),-16,1,12.5,-16.063,2.5,12.5
W_ConnectSeam,0,0,0,0,0,0
W_ConnectSeam,-13.5,1,27.5,-13.445,2.5,27.5
W_Pilar_Large,0,0,0,0,0,0
W_Pilar_Large,10,1,22,10,2.5,22
W_Pilar_Large (1),4.5,1,4.5,4.5,2.5,4.5
W_Pilar_Large (1),13.5,1,22.5,13.5,2.5,22.5
W_Pilar_Large (10),18,1,41,18,2.5,41
W_Pilar_Large (11),28,1,41,28,2.5,41
W_Pilar_Large (12),28,1,47.03,28,2.5,47.03
W_Pilar_Large (14),-2,1,27.5,-2,2.5,27.5
W_Pilar_Large (15),-5.5,1,21.779,-5.5,2.5,21.779
W_Pilar_Large (16),-2.899,1,21.779,-2.899,2.5,21.779
W_Pilar_Large (17),29,1,34,29,2.5,34
W_Pilar_Large (18),38,1,39.5,38,2.5,39.5
W_Pilar_Large (19),29,1,39.5,29,2.5,39.5
W_Pilar_Large (2),-6.5,1,4.5,-6.5,2.5,4.5
W_Pilar_Large (2),16.5,1,22.5,16.5,2.5,22.5
W_Pilar_Large (20),-16,1,9.5,-16,2.5,9.5
W_Pilar_Large (21),-9,1,27.5,-9,2.5,27.5
W_Pilar_Large (22),-15,1,27.5,-15,2.5,27.5
W_Pilar_Large (3),10.5,1,22.5,10.5,2.5,22.5
W_Pilar_Large (3),4,1,9,4,2.5,9
W_Pilar_Large (4),20,1,22.5,20,2.5,22.5
W_Pilar_Large (5),23,1,22.5,23,2.5,22.5
W_Pilar_Large (6),26,1,22.5,26,2.5,22.5
W_Pilar_Large (7),22.5,1,29.5,22.5,2.5,29.5
W_Pilar_Large (8),22.5,1,35,22.5,2.5,35
W_Pilar_Large (9),25,1,41,25,2.5,41
W_Pilar_Small,0,0,0,0,0,0
W_Pilar_Small,23.5,1,47.5,23.5,2.5,47.5
W_Pilar_Small,3.5,1,11.5,3.5,2.5,11.5
W_Pilar_Small (1),3.5,1,20,3.5,2.5,20
W_Pilar_Small (1),20.5,1,47.5,20.5,2.5,47.5
W_Pilar_Small (2),-9,1,9.5,-9,2.5,9.5
W_Pilar_Small (2),20.5,3.753,47.5,22,3.753,47.5
W_Pilar_Small (3),-16,1,15.5,-16,2.5,15.5
W_Pilar_Small (4),20.376,3.753,50.376,21.973,3.753,50.376
Water_Dispenser,3.181,0.998,12.578,3.19,1.844,12.577
Water_Dispenser,24.169,0.998,47.171,24.17,1.844,47.18
Water_Dispenser,-16.072,8.998,21.835,-16.073,9.844,21.826
Water_Dispenser,3.181,0.998,12.072,3.19,1.844,12.071
Water_Dispenser,16.367,0.998,23.286,16.366,1.844,23.277
Water_Dispenser,24.595,0.998,47.181,24.595,1.844,47.19
Water_Dispenser,8.1,0.998,21.98,8.099,1.844,21.971
WaterSprinklerPipe_3x,0.5,3,10,0.5,3,10
WaterSprinklerPipe_3x,4,4,22.5,5.5,3.841,22.5
WaterSprinklerPipe_3x,3,4,9.5,3,3.841,11
WaterSprinklerPipe_3x (1),3,4,6.5,3,3.841,8
WaterSprinklerPipe_3x (10),27,4,35,25.5,3.841,35
WaterSprinklerPipe_3x (11),30,4,35,28.5,3.841,35
WaterSprinklerPipe_3x (12),33,4,35,31.5,3.841,35
WaterSprinklerPipe_3x (13),36,4,35,34.5,3.841,35
WaterSprinklerPipe_3x (14),7,4,22.5,8.5,3.841,22.5
WaterSprinklerPipe_3x (15),0,4,22.25,-1.5,3.841,22.25
WaterSprinklerPipe_3x (16),-3,4,22.25,-4.5,3.841,22.25
WaterSprinklerPipe_3x (17),-6,4,22.25,-7.5,3.841,22.25
WaterSprinklerPipe_3x (18),-9,4,22.25,-10.5,3.841,22.25
WaterSprinklerPipe_3x (19),-12,4,22.25,-13.5,3.841,22.25
WaterSprinklerPipe_3x (2),3,4,12.5,3,3.841,14
WaterSprinklerPipe_3x (2),5,4,28,5,3.841,29.5
WaterSprinklerPipe_3x (20),-15,4,22.25,-16.5,3.841,22.25
WaterSprinklerPipe_3x (21),-18,4,22.25,-19.5,3.841,22.25
WaterSprinklerPipe_3x (3),5,4,31,5,3.841,32.5
WaterSprinklerPipe_3x (3),3,4,15.5,3,3.841,17
WaterSprinklerPipe_3x (4),3,4,18.5,3,3.841,20
WaterSprinklerPipe_3x (4),9,4,35,7.5,3.841,35
WaterSprinklerPipe_3x (5),12,4,35,10.5,3.841,35
WaterSprinklerPipe_3x (6),15,4,35,13.5,3.841,35
WaterSprinklerPipe_3x (7),18,4,35,16.5,3.841,35
WaterSprinklerPipe_3x (8),21,4,35,19.5,3.841,35
WaterSprinklerPipe_3x (9),24,4,35,22.5,3.841,35
WaterSprinklerPipe_CornerRight,1.5,3,5.5,1.5,3,5.5
WaterSprinklerPipe_CornerRight,3,4,21.5,3.48,3.83,22.02
WaterSprinklerPipe_CornerRight,4,4,5.5,3.48,3.83,5.98
WaterSprinklerPipe_CornerRight (1),5,4,34,5.48,3.83,34.52
WhiteBoard,3.841,1.348,24.256,3.841,1.348,24.256
WhiteBoard,11.733,2.5,34.808,11.728,2.5,34.792
WhiteBoard (1),18.258,2.319,36.367,18.249,2.319,36.352
WhiteBoard_Walll,-5.951,1.911,18.699,-5.951,1.911,18.699
WhiteBoard_Walll,13.374,2.626,31.429,13.363,2.651,31.429
WhiteBoard_Walll (1),-14.374,2.676,32.174,-14.363,2.701,32.174
WhiteBoard_Walll (2),-14.374,2.676,34.033,-14.363,2.701,34.033
